"category","term","number_of_genes","number_of_genes_in_background","ncbiTaxonId","inputGenes","preferredNames","p_value","fdr","description"
"Process","GO:0048731",77,3867,9606,"9606.ENSP00000173229,9606.ENSP00000215909,9606.ENSP00000220166,9606.ENSP00000220772,9606.ENSP00000233146,9606.ENSP00000234420,9606.ENSP00000252804,9606.ENSP00000254480,9606.ENSP00000255120,9606.ENSP00000258729,9606.ENSP00000259365,9606.ENSP00000261023,9606.ENSP00000261416,9606.ENSP00000262995,9606.ENSP00000268182,9606.ENSP00000274063,9606.ENSP00000282486,9606.ENSP00000284202,9606.ENSP00000284767,9606.ENSP00000290341,9606.ENSP00000291700,9606.ENSP00000292377,9606.ENSP00000300231,9606.ENSP00000305988,9606.ENSP00000308024,9606.ENSP00000308208,9606.ENSP00000309096,9606.ENSP00000315644,9606.ENSP00000319814,9606.ENSP00000321703,9606.ENSP00000324105,9606.ENSP00000332449,9606.ENSP00000337354,9606.ENSP00000337451,9606.ENSP00000340896,9606.ENSP00000343158,9606.ENSP00000345344,9606.ENSP00000349259,9606.ENSP00000351209,9606.ENSP00000351807,9606.ENSP00000352882,9606.ENSP00000354213,9606.ENSP00000355759,9606.ENSP00000356233,9606.ENSP00000357113,9606.ENSP00000357448,9606.ENSP00000357980,9606.ENSP00000358081,9606.ENSP00000358866,9606.ENSP00000362409,9606.ENSP00000366243,9606.ENSP00000367309,9606.ENSP00000368314,9606.ENSP00000369014,9606.ENSP00000369786,9606.ENSP00000373272,9606.ENSP00000377047,9606.ENSP00000378401,9606.ENSP00000392028,9606.ENSP00000398632,9606.ENSP00000399485,9606.ENSP00000409007,9606.ENSP00000416293,9606.ENSP00000418754,9606.ENSP00000435412,9606.ENSP00000438875,9606.ENSP00000444156,9606.ENSP00000445175,9606.ENSP00000451712,9606.ENSP00000452786,9606.ENSP00000466818,9606.ENSP00000468348,9606.ENSP00000479745,9606.ENSP00000483562,9606.ENSP00000490614,9606.ENSP00000497249,9606.ENSP00000497910","NTN1,LGALS1,CTSH,SFRP1,MSH2,MSH6,PXDN,SMARCC1,NASP,IGF2BP3,TMOD1,ITGAV,HEXB,GAB1,IQGAP1,SFRP2,MBNL1,IMPACT,PDLIM3,IGF2BP1,S100B,GPC2,MAP1A,ALCAM,PCSK1,MMP14,B4GAT1,TYMS,PCK1,TACC1,ENO3,CRIP1,LIPA,EPHA3,ASH2L,EPB41L3,CTSL,SPTBN1,EPHA2,ELN,PLXNA4,HS3ST3B1,PARP1,KDM5B,IFI16,PBXIP1,HTRA1,BAG3,FLNA,NIBAN2,CEMIP2,MAOB,NRCAM,NDNF,PIR,TRIM71,PTPRZ1,SPOCK1,CHD7,CD44,LY6H,GDNF,SLC2A1,PTK7,RPS6KA1,NOVA1,ARMC6,LDHA,NDRG2,ITGB3,COX6B1,MAP2K6,PRSS56,SALL2,DCX,CRYBB1,B2M",4.04e-10,6.33e-06,"System development"
"Process","GO:0007275",78,4209,9606,"9606.ENSP00000173229,9606.ENSP00000215909,9606.ENSP00000220166,9606.ENSP00000220772,9606.ENSP00000233146,9606.ENSP00000234420,9606.ENSP00000252804,9606.ENSP00000254480,9606.ENSP00000255120,9606.ENSP00000258729,9606.ENSP00000259365,9606.ENSP00000261023,9606.ENSP00000261416,9606.ENSP00000262995,9606.ENSP00000268182,9606.ENSP00000274063,9606.ENSP00000282486,9606.ENSP00000284202,9606.ENSP00000284767,9606.ENSP00000290341,9606.ENSP00000291700,9606.ENSP00000292377,9606.ENSP00000300231,9606.ENSP00000305988,9606.ENSP00000308024,9606.ENSP00000308208,9606.ENSP00000309096,9606.ENSP00000315644,9606.ENSP00000319814,9606.ENSP00000321703,9606.ENSP00000324105,9606.ENSP00000332449,9606.ENSP00000337354,9606.ENSP00000337451,9606.ENSP00000340896,9606.ENSP00000343158,9606.ENSP00000345344,9606.ENSP00000349259,9606.ENSP00000351209,9606.ENSP00000351807,9606.ENSP00000352882,9606.ENSP00000354213,9606.ENSP00000355759,9606.ENSP00000356233,9606.ENSP00000357113,9606.ENSP00000357448,9606.ENSP00000357980,9606.ENSP00000358081,9606.ENSP00000358866,9606.ENSP00000362409,9606.ENSP00000366243,9606.ENSP00000367309,9606.ENSP00000368314,9606.ENSP00000369014,9606.ENSP00000369786,9606.ENSP00000373272,9606.ENSP00000377047,9606.ENSP00000378401,9606.ENSP00000392028,9606.ENSP00000398632,9606.ENSP00000399485,9606.ENSP00000409007,9606.ENSP00000416293,9606.ENSP00000418754,9606.ENSP00000435412,9606.ENSP00000438875,9606.ENSP00000444156,9606.ENSP00000445175,9606.ENSP00000451712,9606.ENSP00000452786,9606.ENSP00000466818,9606.ENSP00000468348,9606.ENSP00000479745,9606.ENSP00000482841,9606.ENSP00000483562,9606.ENSP00000490614,9606.ENSP00000497249,9606.ENSP00000497910","NTN1,LGALS1,CTSH,SFRP1,MSH2,MSH6,PXDN,SMARCC1,NASP,IGF2BP3,TMOD1,ITGAV,HEXB,GAB1,IQGAP1,SFRP2,MBNL1,IMPACT,PDLIM3,IGF2BP1,S100B,GPC2,MAP1A,ALCAM,PCSK1,MMP14,B4GAT1,TYMS,PCK1,TACC1,ENO3,CRIP1,LIPA,EPHA3,ASH2L,EPB41L3,CTSL,SPTBN1,EPHA2,ELN,PLXNA4,HS3ST3B1,PARP1,KDM5B,IFI16,PBXIP1,HTRA1,BAG3,FLNA,NIBAN2,CEMIP2,MAOB,NRCAM,NDNF,PIR,TRIM71,PTPRZ1,SPOCK1,CHD7,CD44,LY6H,GDNF,SLC2A1,PTK7,RPS6KA1,NOVA1,ARMC6,LDHA,NDRG2,ITGB3,COX6B1,MAP2K6,PRSS56,CRABP2,SALL2,DCX,CRYBB1,B2M",8.37e-09,6.56e-05,"Multicellular organism development"
"Process","GO:0000727",6,12,9606,"9606.ENSP00000216122,9606.ENSP00000262105,9606.ENSP00000264156,9606.ENSP00000265056,9606.ENSP00000307288,9606.ENSP00000480987","MCM5,MCM4,MCM6,MCM2,MCM7,MCM3",1.51e-08,7.91e-05,"Double-strand break repair via break-induced replication"
"Process","GO:0009653",51,2229,9606,"9606.ENSP00000173229,9606.ENSP00000220166,9606.ENSP00000220772,9606.ENSP00000252804,9606.ENSP00000254480,9606.ENSP00000258729,9606.ENSP00000259365,9606.ENSP00000261023,9606.ENSP00000262207,9606.ENSP00000262995,9606.ENSP00000265071,9606.ENSP00000268182,9606.ENSP00000274063,9606.ENSP00000282486,9606.ENSP00000284202,9606.ENSP00000285379,9606.ENSP00000290341,9606.ENSP00000291700,9606.ENSP00000300231,9606.ENSP00000305988,9606.ENSP00000308208,9606.ENSP00000309096,9606.ENSP00000311344,9606.ENSP00000327145,9606.ENSP00000332449,9606.ENSP00000337354,9606.ENSP00000337451,9606.ENSP00000343158,9606.ENSP00000349259,9606.ENSP00000351209,9606.ENSP00000351807,9606.ENSP00000352882,9606.ENSP00000354213,9606.ENSP00000356233,9606.ENSP00000357980,9606.ENSP00000358866,9606.ENSP00000362409,9606.ENSP00000366243,9606.ENSP00000368314,9606.ENSP00000369014,9606.ENSP00000373272,9606.ENSP00000377047,9606.ENSP00000392028,9606.ENSP00000398632,9606.ENSP00000399485,9606.ENSP00000409007,9606.ENSP00000418754,9606.ENSP00000435412,9606.ENSP00000452786,9606.ENSP00000482841,9606.ENSP00000490614","NTN1,CTSH,SFRP1,PXDN,SMARCC1,IGF2BP3,TMOD1,ITGAV,CRISPLD1,GAB1,CDH6,IQGAP1,SFRP2,MBNL1,IMPACT,CA2,IGF2BP1,S100B,MAP1A,ALCAM,MMP14,B4GAT1,PPP2R1B,FLNC,CRIP1,LIPA,EPHA3,EPB41L3,SPTBN1,EPHA2,ELN,PLXNA4,HS3ST3B1,KDM5B,HTRA1,FLNA,NIBAN2,CEMIP2,NRCAM,NDNF,TRIM71,PTPRZ1,CHD7,CD44,LY6H,GDNF,PTK7,RPS6KA1,ITGB3,CRABP2,DCX",1.67e-08,7.91e-05,"Anatomical structure morphogenesis"
"Process","GO:0071840",94,5639,9606,"9606.ENSP00000173229,9606.ENSP00000216122,9606.ENSP00000216286,9606.ENSP00000216639,9606.ENSP00000233146,9606.ENSP00000236671,9606.ENSP00000252699,9606.ENSP00000252804,9606.ENSP00000254480,9606.ENSP00000255120,9606.ENSP00000259365,9606.ENSP00000261416,9606.ENSP00000262105,9606.ENSP00000262995,9606.ENSP00000263314,9606.ENSP00000264071,9606.ENSP00000264156,9606.ENSP00000265056,9606.ENSP00000265071,9606.ENSP00000268182,9606.ENSP00000271452,9606.ENSP00000271715,9606.ENSP00000274063,9606.ENSP00000276914,9606.ENSP00000284202,9606.ENSP00000284767,9606.ENSP00000290341,9606.ENSP00000291700,9606.ENSP00000300231,9606.ENSP00000305480,9606.ENSP00000305988,9606.ENSP00000307288,9606.ENSP00000308208,9606.ENSP00000309096,9606.ENSP00000321703,9606.ENSP00000325017,9606.ENSP00000327145,9606.ENSP00000334153,9606.ENSP00000336775,9606.ENSP00000337451,9606.ENSP00000340896,9606.ENSP00000343158,9606.ENSP00000344504,9606.ENSP00000345344,9606.ENSP00000346120,9606.ENSP00000348381,9606.ENSP00000349259,9606.ENSP00000351209,9606.ENSP00000351807,9606.ENSP00000352882,9606.ENSP00000353246,9606.ENSP00000354040,9606.ENSP00000355541,9606.ENSP00000355759,9606.ENSP00000356233,9606.ENSP00000357113,9606.ENSP00000357448,9606.ENSP00000358081,9606.ENSP00000358262,9606.ENSP00000358812,9606.ENSP00000358866,9606.ENSP00000359300,9606.ENSP00000360293,9606.ENSP00000361298,9606.ENSP00000362409,9606.ENSP00000363642,9606.ENSP00000364585,9606.ENSP00000368314,9606.ENSP00000368959,9606.ENSP00000369014,9606.ENSP00000370968,9606.ENSP00000376132,9606.ENSP00000377047,9606.ENSP00000377789,9606.ENSP00000377944,9606.ENSP00000392028,9606.ENSP00000409007,9606.ENSP00000414019,9606.ENSP00000416293,9606.ENSP00000418648,9606.ENSP00000418754,9606.ENSP00000418944,9606.ENSP00000423067,9606.ENSP00000443475,9606.ENSP00000446880,9606.ENSP00000452786,9606.ENSP00000463154,9606.ENSP00000478104,9606.ENSP00000480987,9606.ENSP00000482841,9606.ENSP00000490614,9606.ENSP00000497910,9606.ENSP00000498662,9606.ENSP00000500094","NTN1,MCM5,NID2,VRK1,MSH2,CTSD,ACTN4,PXDN,SMARCC1,NASP,TMOD1,HEXB,MCM4,GAB1,P2RX3,TUBB4A,MCM6,MCM2,CDH6,IQGAP1,NUF2,POGZ,SFRP2,PLIN2,IMPACT,PDLIM3,IGF2BP1,S100B,MAP1A,FEN1,ALCAM,MCM7,MMP14,B4GAT1,TACC1,NCAPD2,FLNC,RFTN1,SYNM,EPHA3,ASH2L,EPB41L3,H1-0,CTSL,DDX21,ADD3,SPTBN1,EPHA2,ELN,PLXNA4,MAK16,GTPBP4,HEATR1,PARP1,KDM5B,IFI16,PBXIP1,BAG3,CHD1L,PDCD11,FLNA,CETN2,SORBS1,KIF2C,NIBAN2,BMS1,RCC2,NRCAM,REEP5,NDNF,MYBBP1A,MYO1B,PTPRZ1,SYNPO,UTP14A,CHD7,GDNF,GDPD2,SLC2A1,UBN2,PTK7,PEG10,WDR36,TUBA1C,BAZ2A,ITGB3,ANP32E,VPS13D,MCM3,CRABP2,DCX,B2M,LRRC4B,ATAD3B",1.88e-08,7.91e-05,"Cellular component organization or biogenesis"
"Process","GO:0030174",6,15,9606,"9606.ENSP00000216122,9606.ENSP00000262105,9606.ENSP00000264156,9606.ENSP00000265056,9606.ENSP00000307288,9606.ENSP00000480987","MCM5,MCM4,MCM6,MCM2,MCM7,MCM3",4.31e-08,0.00011,"Regulation of DNA-templated DNA replication initiation"
"Process","GO:0032502",93,5657,9606,"9606.ENSP00000173229,9606.ENSP00000215909,9606.ENSP00000220166,9606.ENSP00000220772,9606.ENSP00000233146,9606.ENSP00000234420,9606.ENSP00000252699,9606.ENSP00000252804,9606.ENSP00000254480,9606.ENSP00000255120,9606.ENSP00000258729,9606.ENSP00000259365,9606.ENSP00000261023,9606.ENSP00000261416,9606.ENSP00000262207,9606.ENSP00000262995,9606.ENSP00000265056,9606.ENSP00000265071,9606.ENSP00000268182,9606.ENSP00000274063,9606.ENSP00000282486,9606.ENSP00000284202,9606.ENSP00000284767,9606.ENSP00000285379,9606.ENSP00000290341,9606.ENSP00000291700,9606.ENSP00000292377,9606.ENSP00000300231,9606.ENSP00000305988,9606.ENSP00000308024,9606.ENSP00000308208,9606.ENSP00000309096,9606.ENSP00000311344,9606.ENSP00000315644,9606.ENSP00000319814,9606.ENSP00000321703,9606.ENSP00000324105,9606.ENSP00000327145,9606.ENSP00000332449,9606.ENSP00000337354,9606.ENSP00000337451,9606.ENSP00000340292,9606.ENSP00000340896,9606.ENSP00000343158,9606.ENSP00000345344,9606.ENSP00000346120,9606.ENSP00000349259,9606.ENSP00000351209,9606.ENSP00000351807,9606.ENSP00000352882,9606.ENSP00000354040,9606.ENSP00000354213,9606.ENSP00000355759,9606.ENSP00000356233,9606.ENSP00000357113,9606.ENSP00000357448,9606.ENSP00000357980,9606.ENSP00000358081,9606.ENSP00000358866,9606.ENSP00000359300,9606.ENSP00000362409,9606.ENSP00000363314,9606.ENSP00000366243,9606.ENSP00000367309,9606.ENSP00000368314,9606.ENSP00000369014,9606.ENSP00000369786,9606.ENSP00000370968,9606.ENSP00000373272,9606.ENSP00000377047,9606.ENSP00000378401,9606.ENSP00000392028,9606.ENSP00000395772,9606.ENSP00000398632,9606.ENSP00000399485,9606.ENSP00000409007,9606.ENSP00000416293,9606.ENSP00000418754,9606.ENSP00000418944,9606.ENSP00000435412,9606.ENSP00000438875,9606.ENSP00000444156,9606.ENSP00000445175,9606.ENSP00000451712,9606.ENSP00000452786,9606.ENSP00000466818,9606.ENSP00000468348,9606.ENSP00000479745,9606.ENSP00000482841,9606.ENSP00000483562,9606.ENSP00000490614,9606.ENSP00000497249,9606.ENSP00000497910","NTN1,LGALS1,CTSH,SFRP1,MSH2,MSH6,ACTN4,PXDN,SMARCC1,NASP,IGF2BP3,TMOD1,ITGAV,HEXB,CRISPLD1,GAB1,MCM2,CDH6,IQGAP1,SFRP2,MBNL1,IMPACT,PDLIM3,CA2,IGF2BP1,S100B,GPC2,MAP1A,ALCAM,PCSK1,MMP14,B4GAT1,PPP2R1B,TYMS,PCK1,TACC1,ENO3,FLNC,CRIP1,LIPA,EPHA3,DLK1,ASH2L,EPB41L3,CTSL,DDX21,SPTBN1,EPHA2,ELN,PLXNA4,GTPBP4,HS3ST3B1,PARP1,KDM5B,IFI16,PBXIP1,HTRA1,BAG3,FLNA,CETN2,NIBAN2,LIN28A,CEMIP2,MAOB,NRCAM,NDNF,PIR,MYBBP1A,TRIM71,PTPRZ1,SPOCK1,CHD7,GNL3,CD44,LY6H,GDNF,SLC2A1,PTK7,PEG10,RPS6KA1,NOVA1,ARMC6,LDHA,NDRG2,ITGB3,COX6B1,MAP2K6,PRSS56,CRABP2,SALL2,DCX,CRYBB1,B2M",4.98e-08,0.00011,"Developmental process"
"Process","GO:0048856",86,5117,9606,"9606.ENSP00000173229,9606.ENSP00000215909,9606.ENSP00000220166,9606.ENSP00000220772,9606.ENSP00000233146,9606.ENSP00000234420,9606.ENSP00000252699,9606.ENSP00000252804,9606.ENSP00000254480,9606.ENSP00000255120,9606.ENSP00000258729,9606.ENSP00000259365,9606.ENSP00000261023,9606.ENSP00000261416,9606.ENSP00000262207,9606.ENSP00000262995,9606.ENSP00000265056,9606.ENSP00000265071,9606.ENSP00000268182,9606.ENSP00000274063,9606.ENSP00000282486,9606.ENSP00000284202,9606.ENSP00000284767,9606.ENSP00000285379,9606.ENSP00000290341,9606.ENSP00000291700,9606.ENSP00000292377,9606.ENSP00000300231,9606.ENSP00000305988,9606.ENSP00000308024,9606.ENSP00000308208,9606.ENSP00000309096,9606.ENSP00000311344,9606.ENSP00000315644,9606.ENSP00000319814,9606.ENSP00000321703,9606.ENSP00000324105,9606.ENSP00000327145,9606.ENSP00000332449,9606.ENSP00000337354,9606.ENSP00000337451,9606.ENSP00000340896,9606.ENSP00000343158,9606.ENSP00000345344,9606.ENSP00000349259,9606.ENSP00000351209,9606.ENSP00000351807,9606.ENSP00000352882,9606.ENSP00000354213,9606.ENSP00000355759,9606.ENSP00000356233,9606.ENSP00000357113,9606.ENSP00000357448,9606.ENSP00000357980,9606.ENSP00000358081,9606.ENSP00000358866,9606.ENSP00000362409,9606.ENSP00000363314,9606.ENSP00000366243,9606.ENSP00000367309,9606.ENSP00000368314,9606.ENSP00000369014,9606.ENSP00000369786,9606.ENSP00000373272,9606.ENSP00000377047,9606.ENSP00000378401,9606.ENSP00000392028,9606.ENSP00000398632,9606.ENSP00000399485,9606.ENSP00000409007,9606.ENSP00000416293,9606.ENSP00000418754,9606.ENSP00000435412,9606.ENSP00000438875,9606.ENSP00000444156,9606.ENSP00000445175,9606.ENSP00000451712,9606.ENSP00000452786,9606.ENSP00000466818,9606.ENSP00000468348,9606.ENSP00000479745,9606.ENSP00000482841,9606.ENSP00000483562,9606.ENSP00000490614,9606.ENSP00000497249,9606.ENSP00000497910","NTN1,LGALS1,CTSH,SFRP1,MSH2,MSH6,ACTN4,PXDN,SMARCC1,NASP,IGF2BP3,TMOD1,ITGAV,HEXB,CRISPLD1,GAB1,MCM2,CDH6,IQGAP1,SFRP2,MBNL1,IMPACT,PDLIM3,CA2,IGF2BP1,S100B,GPC2,MAP1A,ALCAM,PCSK1,MMP14,B4GAT1,PPP2R1B,TYMS,PCK1,TACC1,ENO3,FLNC,CRIP1,LIPA,EPHA3,ASH2L,EPB41L3,CTSL,SPTBN1,EPHA2,ELN,PLXNA4,HS3ST3B1,PARP1,KDM5B,IFI16,PBXIP1,HTRA1,BAG3,FLNA,NIBAN2,LIN28A,CEMIP2,MAOB,NRCAM,NDNF,PIR,TRIM71,PTPRZ1,SPOCK1,CHD7,CD44,LY6H,GDNF,SLC2A1,PTK7,RPS6KA1,NOVA1,ARMC6,LDHA,NDRG2,ITGB3,COX6B1,MAP2K6,PRSS56,CRABP2,SALL2,DCX,CRYBB1,B2M",9.26e-08,0.00018,"Anatomical structure development"
"Process","GO:0009987",178,14826,9606,"9606.ENSP00000173229,9606.ENSP00000199448,9606.ENSP00000215909,9606.ENSP00000216122,9606.ENSP00000216286,9606.ENSP00000216639,9606.ENSP00000220166,9606.ENSP00000220597,9606.ENSP00000220772,9606.ENSP00000222553,9606.ENSP00000233146,9606.ENSP00000234420,9606.ENSP00000236671,9606.ENSP00000248564,9606.ENSP00000252699,9606.ENSP00000252804,9606.ENSP00000254480,9606.ENSP00000255120,9606.ENSP00000258729,9606.ENSP00000259365,9606.ENSP00000261023,9606.ENSP00000261416,9606.ENSP00000262105,9606.ENSP00000262776,9606.ENSP00000262995,9606.ENSP00000263314,9606.ENSP00000264071,9606.ENSP00000264156,9606.ENSP00000265056,9606.ENSP00000265071,9606.ENSP00000268182,9606.ENSP00000271452,9606.ENSP00000271715,9606.ENSP00000274063,9606.ENSP00000274353,9606.ENSP00000276914,9606.ENSP00000282486,9606.ENSP00000284202,9606.ENSP00000284767,9606.ENSP00000285379,9606.ENSP00000290341,9606.ENSP00000291700,9606.ENSP00000292377,9606.ENSP00000297785,9606.ENSP00000299529,9606.ENSP00000300231,9606.ENSP00000301149,9606.ENSP00000305480,9606.ENSP00000305988,9606.ENSP00000306625,9606.ENSP00000306920,9606.ENSP00000307288,9606.ENSP00000308024,9606.ENSP00000308208,9606.ENSP00000309096,9606.ENSP00000311344,9606.ENSP00000315644,9606.ENSP00000317721,9606.ENSP00000319814,9606.ENSP00000321703,9606.ENSP00000322273,9606.ENSP00000323889,9606.ENSP00000324105,9606.ENSP00000325017,9606.ENSP00000327145,9606.ENSP00000328547,9606.ENSP00000332449,9606.ENSP00000334153,9606.ENSP00000336775,9606.ENSP00000337354,9606.ENSP00000337451,9606.ENSP00000339917,9606.ENSP00000340292,9606.ENSP00000340507,9606.ENSP00000340896,9606.ENSP00000343158,9606.ENSP00000344504,9606.ENSP00000345344,9606.ENSP00000346120,9606.ENSP00000348381,9606.ENSP00000349259,9606.ENSP00000351209,9606.ENSP00000351807,9606.ENSP00000352584,9606.ENSP00000352882,9606.ENSP00000353246,9606.ENSP00000353793,9606.ENSP00000354040,9606.ENSP00000354213,9606.ENSP00000355541,9606.ENSP00000355759,9606.ENSP00000356233,9606.ENSP00000357113,9606.ENSP00000357448,9606.ENSP00000357980,9606.ENSP00000358081,9606.ENSP00000358262,9606.ENSP00000358812,9606.ENSP00000358866,9606.ENSP00000359300,9606.ENSP00000360293,9606.ENSP00000361298,9606.ENSP00000361562,9606.ENSP00000362409,9606.ENSP00000363314,9606.ENSP00000363603,9606.ENSP00000363642,9606.ENSP00000363832,9606.ENSP00000364490,9606.ENSP00000364585,9606.ENSP00000367197,9606.ENSP00000367309,9606.ENSP00000368314,9606.ENSP00000368959,9606.ENSP00000369014,9606.ENSP00000369786,9606.ENSP00000370074,9606.ENSP00000370588,9606.ENSP00000370737,9606.ENSP00000370968,9606.ENSP00000371393,9606.ENSP00000371419,9606.ENSP00000373272,9606.ENSP00000376132,9606.ENSP00000377047,9606.ENSP00000377789,9606.ENSP00000377944,9606.ENSP00000378401,9606.ENSP00000378725,9606.ENSP00000378760,9606.ENSP00000381601,9606.ENSP00000381984,9606.ENSP00000392028,9606.ENSP00000395473,9606.ENSP00000395772,9606.ENSP00000398632,9606.ENSP00000399485,9606.ENSP00000409007,9606.ENSP00000414019,9606.ENSP00000416293,9606.ENSP00000418648,9606.ENSP00000418754,9606.ENSP00000418944,9606.ENSP00000419901,9606.ENSP00000423067,9606.ENSP00000427463,9606.ENSP00000428489,9606.ENSP00000429707,9606.ENSP00000435412,9606.ENSP00000436455,9606.ENSP00000437968,9606.ENSP00000438875,9606.ENSP00000443475,9606.ENSP00000444156,9606.ENSP00000445175,9606.ENSP00000446880,9606.ENSP00000451712,9606.ENSP00000452786,9606.ENSP00000456019,9606.ENSP00000460236,9606.ENSP00000463154,9606.ENSP00000466818,9606.ENSP00000467123,9606.ENSP00000468348,9606.ENSP00000472445,9606.ENSP00000478104,9606.ENSP00000480004,9606.ENSP00000480987,9606.ENSP00000482841,9606.ENSP00000484343,9606.ENSP00000488838,9606.ENSP00000490614,9606.ENSP00000494175,9606.ENSP00000497910,9606.ENSP00000498132,9606.ENSP00000498662,9606.ENSP00000499092,9606.ENSP00000500094","NTN1,EPDR1,LGALS1,MCM5,NID2,VRK1,CTSH,PAG1,SFRP1,NAMPT,MSH2,MSH6,CTSD,GNG11,ACTN4,PXDN,SMARCC1,NASP,IGF2BP3,TMOD1,ITGAV,HEXB,MCM4,LGALS3BP,GAB1,P2RX3,TUBB4A,MCM6,MCM2,CDH6,IQGAP1,NUF2,POGZ,SFRP2,BHMT,PLIN2,MBNL1,IMPACT,PDLIM3,CA2,IGF2BP1,S100B,GPC2,ALDH1A1,CRABP1,MAP1A,GPD1,FEN1,ALCAM,ASPSCR1,GLB1,MCM7,PCSK1,MMP14,B4GAT1,PPP2R1B,TYMS,PIPOX,PCK1,TACC1,OLFML3,TRIM25,ENO3,NCAPD2,FLNC,DNMT3B,CRIP1,RFTN1,SYNM,LIPA,EPHA3,TAF9B,DLK1,TRIM24,ASH2L,EPB41L3,H1-0,CTSL,DDX21,ADD3,SPTBN1,EPHA2,ELN,AKR1B10,PLXNA4,MAK16,WDHD1,GTPBP4,HS3ST3B1,HEATR1,PARP1,KDM5B,IFI16,PBXIP1,HTRA1,BAG3,CHD1L,PDCD11,FLNA,CETN2,SORBS1,KIF2C,CTSA,NIBAN2,LIN28A,FUCA1,BMS1,AOX1,ALDH4A1,RCC2,SCGN,MAOB,NRCAM,REEP5,NDNF,PIR,SERPINB9,CD99,GLDC,MYBBP1A,PGM2,PARP4,TRIM71,MYO1B,PTPRZ1,SYNPO,UTP14A,SPOCK1,KTN1,MVP,MX1,RPRD1A,CHD7,MAN2B1,GNL3,CD44,LY6H,GDNF,GDPD2,SLC2A1,UBN2,PTK7,PEG10,L1TD1,WDR36,SPCS3,PBK,COX6C,RPS6KA1,NUCB2,HEATR5A,NOVA1,TUBA1C,ARMC6,LDHA,BAZ2A,NDRG2,ITGB3,SQOR,SPON1,ANP32E,COX6B1,NLRP7,MAP2K6,POLD1,VPS13D,EPHX1,MCM3,CRABP2,SERPINB6,PON2,DCX,HBB,B2M,CAPN5,LRRC4B,GPRC5C,ATAD3B",1.74e-07,3e-04,"Cellular process"
"Process","GO:0006268",6,22,9606,"9606.ENSP00000216122,9606.ENSP00000262105,9606.ENSP00000264156,9606.ENSP00000265056,9606.ENSP00000307288,9606.ENSP00000480987","MCM5,MCM4,MCM6,MCM2,MCM7,MCM3",2.83e-07,0.00044,"DNA unwinding involved in DNA replication"
"Process","GO:0016043",88,5436,9606,"9606.ENSP00000173229,9606.ENSP00000216122,9606.ENSP00000216286,9606.ENSP00000216639,9606.ENSP00000233146,9606.ENSP00000236671,9606.ENSP00000252699,9606.ENSP00000252804,9606.ENSP00000254480,9606.ENSP00000255120,9606.ENSP00000259365,9606.ENSP00000261416,9606.ENSP00000262105,9606.ENSP00000262995,9606.ENSP00000263314,9606.ENSP00000264071,9606.ENSP00000264156,9606.ENSP00000265056,9606.ENSP00000265071,9606.ENSP00000268182,9606.ENSP00000271452,9606.ENSP00000271715,9606.ENSP00000274063,9606.ENSP00000276914,9606.ENSP00000284202,9606.ENSP00000284767,9606.ENSP00000290341,9606.ENSP00000291700,9606.ENSP00000300231,9606.ENSP00000305480,9606.ENSP00000305988,9606.ENSP00000307288,9606.ENSP00000308208,9606.ENSP00000309096,9606.ENSP00000321703,9606.ENSP00000325017,9606.ENSP00000327145,9606.ENSP00000334153,9606.ENSP00000336775,9606.ENSP00000337451,9606.ENSP00000340896,9606.ENSP00000343158,9606.ENSP00000344504,9606.ENSP00000345344,9606.ENSP00000346120,9606.ENSP00000348381,9606.ENSP00000349259,9606.ENSP00000351209,9606.ENSP00000351807,9606.ENSP00000352882,9606.ENSP00000355759,9606.ENSP00000356233,9606.ENSP00000357113,9606.ENSP00000357448,9606.ENSP00000358081,9606.ENSP00000358262,9606.ENSP00000358866,9606.ENSP00000359300,9606.ENSP00000360293,9606.ENSP00000361298,9606.ENSP00000362409,9606.ENSP00000364585,9606.ENSP00000368314,9606.ENSP00000368959,9606.ENSP00000369014,9606.ENSP00000370968,9606.ENSP00000376132,9606.ENSP00000377047,9606.ENSP00000377789,9606.ENSP00000392028,9606.ENSP00000409007,9606.ENSP00000414019,9606.ENSP00000416293,9606.ENSP00000418648,9606.ENSP00000418754,9606.ENSP00000418944,9606.ENSP00000423067,9606.ENSP00000443475,9606.ENSP00000446880,9606.ENSP00000452786,9606.ENSP00000463154,9606.ENSP00000478104,9606.ENSP00000480987,9606.ENSP00000482841,9606.ENSP00000490614,9606.ENSP00000497910,9606.ENSP00000498662,9606.ENSP00000500094","NTN1,MCM5,NID2,VRK1,MSH2,CTSD,ACTN4,PXDN,SMARCC1,NASP,TMOD1,HEXB,MCM4,GAB1,P2RX3,TUBB4A,MCM6,MCM2,CDH6,IQGAP1,NUF2,POGZ,SFRP2,PLIN2,IMPACT,PDLIM3,IGF2BP1,S100B,MAP1A,FEN1,ALCAM,MCM7,MMP14,B4GAT1,TACC1,NCAPD2,FLNC,RFTN1,SYNM,EPHA3,ASH2L,EPB41L3,H1-0,CTSL,DDX21,ADD3,SPTBN1,EPHA2,ELN,PLXNA4,PARP1,KDM5B,IFI16,PBXIP1,BAG3,CHD1L,FLNA,CETN2,SORBS1,KIF2C,NIBAN2,RCC2,NRCAM,REEP5,NDNF,MYBBP1A,MYO1B,PTPRZ1,SYNPO,CHD7,GDNF,GDPD2,SLC2A1,UBN2,PTK7,PEG10,WDR36,TUBA1C,BAZ2A,ITGB3,ANP32E,VPS13D,MCM3,CRABP2,DCX,B2M,LRRC4B,ATAD3B",3.38e-07,0.00048,"Cellular component organization"
"Process","GO:0010033",53,2692,9606,"9606.ENSP00000220166,9606.ENSP00000220772,9606.ENSP00000252699,9606.ENSP00000254480,9606.ENSP00000255120,9606.ENSP00000262995,9606.ENSP00000263314,9606.ENSP00000265056,9606.ENSP00000268182,9606.ENSP00000274063,9606.ENSP00000276914,9606.ENSP00000284202,9606.ENSP00000285379,9606.ENSP00000297785,9606.ENSP00000301149,9606.ENSP00000306920,9606.ENSP00000307288,9606.ENSP00000308024,9606.ENSP00000308208,9606.ENSP00000315644,9606.ENSP00000319814,9606.ENSP00000323889,9606.ENSP00000332449,9606.ENSP00000334153,9606.ENSP00000337451,9606.ENSP00000340507,9606.ENSP00000340896,9606.ENSP00000345344,9606.ENSP00000346120,9606.ENSP00000351209,9606.ENSP00000352584,9606.ENSP00000355759,9606.ENSP00000356233,9606.ENSP00000357113,9606.ENSP00000358081,9606.ENSP00000358866,9606.ENSP00000360293,9606.ENSP00000363314,9606.ENSP00000367309,9606.ENSP00000369014,9606.ENSP00000370074,9606.ENSP00000370737,9606.ENSP00000373272,9606.ENSP00000381601,9606.ENSP00000398632,9606.ENSP00000399485,9606.ENSP00000416293,9606.ENSP00000418754,9606.ENSP00000452786,9606.ENSP00000467123,9606.ENSP00000468348,9606.ENSP00000480004,9606.ENSP00000497910","CTSH,SFRP1,ACTN4,SMARCC1,NASP,GAB1,P2RX3,MCM2,IQGAP1,SFRP2,PLIN2,IMPACT,CA2,ALDH1A1,GPD1,GLB1,MCM7,PCSK1,MMP14,TYMS,PCK1,TRIM25,CRIP1,RFTN1,EPHA3,TRIM24,ASH2L,CTSL,DDX21,EPHA2,AKR1B10,PARP1,KDM5B,IFI16,BAG3,FLNA,SORBS1,LIN28A,MAOB,NDNF,SERPINB9,GLDC,TRIM71,MX1,CD44,LY6H,SLC2A1,PTK7,ITGB3,NLRP7,MAP2K6,EPHX1,B2M",9.91e-07,0.0013,"Response to organic substance"
"Process","GO:0006270",6,29,9606,"9606.ENSP00000216122,9606.ENSP00000262105,9606.ENSP00000264156,9606.ENSP00000265056,9606.ENSP00000307288,9606.ENSP00000480987","MCM5,MCM4,MCM6,MCM2,MCM7,MCM3",1.15e-06,0.0014,"DNA replication initiation"
"Process","GO:0006261",10,137,9606,"9606.ENSP00000216122,9606.ENSP00000262105,9606.ENSP00000264156,9606.ENSP00000265056,9606.ENSP00000305480,9606.ENSP00000307288,9606.ENSP00000346120,9606.ENSP00000353793,9606.ENSP00000472445,9606.ENSP00000480987","MCM5,MCM4,MCM6,MCM2,FEN1,MCM7,DDX21,WDHD1,POLD1,MCM3",2.21e-06,0.0025,"DNA-templated DNA replication"
"Process","GO:0048812",18,477,9606,"9606.ENSP00000173229,9606.ENSP00000268182,9606.ENSP00000284202,9606.ENSP00000290341,9606.ENSP00000291700,9606.ENSP00000300231,9606.ENSP00000305988,9606.ENSP00000309096,9606.ENSP00000337451,9606.ENSP00000343158,9606.ENSP00000351209,9606.ENSP00000352882,9606.ENSP00000362409,9606.ENSP00000368314,9606.ENSP00000377047,9606.ENSP00000409007,9606.ENSP00000418754,9606.ENSP00000490614","NTN1,IQGAP1,IMPACT,IGF2BP1,S100B,MAP1A,ALCAM,B4GAT1,EPHA3,EPB41L3,EPHA2,PLXNA4,NIBAN2,NRCAM,PTPRZ1,GDNF,PTK7,DCX",2.44e-06,0.0025,"Neuron projection morphogenesis"
"Process","GO:0000902",22,708,9606,"9606.ENSP00000173229,9606.ENSP00000261023,9606.ENSP00000265071,9606.ENSP00000268182,9606.ENSP00000284202,9606.ENSP00000290341,9606.ENSP00000291700,9606.ENSP00000300231,9606.ENSP00000305988,9606.ENSP00000309096,9606.ENSP00000337354,9606.ENSP00000337451,9606.ENSP00000343158,9606.ENSP00000351209,9606.ENSP00000352882,9606.ENSP00000362409,9606.ENSP00000368314,9606.ENSP00000377047,9606.ENSP00000409007,9606.ENSP00000418754,9606.ENSP00000452786,9606.ENSP00000490614","NTN1,ITGAV,CDH6,IQGAP1,IMPACT,IGF2BP1,S100B,MAP1A,ALCAM,B4GAT1,LIPA,EPHA3,EPB41L3,EPHA2,PLXNA4,NIBAN2,NRCAM,PTPRZ1,GDNF,PTK7,ITGB3,DCX",3.92e-06,0.0032,"Cell morphogenesis"
"Process","GO:0035295",25,880,9606,"9606.ENSP00000173229,9606.ENSP00000220166,9606.ENSP00000220772,9606.ENSP00000252804,9606.ENSP00000261023,9606.ENSP00000262995,9606.ENSP00000274063,9606.ENSP00000308208,9606.ENSP00000309096,9606.ENSP00000315644,9606.ENSP00000337354,9606.ENSP00000351209,9606.ENSP00000352882,9606.ENSP00000354213,9606.ENSP00000356233,9606.ENSP00000358866,9606.ENSP00000366243,9606.ENSP00000368314,9606.ENSP00000369014,9606.ENSP00000373272,9606.ENSP00000392028,9606.ENSP00000409007,9606.ENSP00000418754,9606.ENSP00000452786,9606.ENSP00000483562","NTN1,CTSH,SFRP1,PXDN,ITGAV,GAB1,SFRP2,MMP14,B4GAT1,TYMS,LIPA,EPHA2,PLXNA4,HS3ST3B1,KDM5B,FLNA,CEMIP2,NRCAM,NDNF,TRIM71,CHD7,GDNF,PTK7,ITGB3,SALL2",3.86e-06,0.0032,"Tube development"
"Process","GO:0042221",68,4010,9606,"9606.ENSP00000173229,9606.ENSP00000220166,9606.ENSP00000220772,9606.ENSP00000252699,9606.ENSP00000252804,9606.ENSP00000254480,9606.ENSP00000255120,9606.ENSP00000261023,9606.ENSP00000262995,9606.ENSP00000263314,9606.ENSP00000265056,9606.ENSP00000268182,9606.ENSP00000274063,9606.ENSP00000276914,9606.ENSP00000284202,9606.ENSP00000285379,9606.ENSP00000297785,9606.ENSP00000301149,9606.ENSP00000305988,9606.ENSP00000306920,9606.ENSP00000307288,9606.ENSP00000308024,9606.ENSP00000308208,9606.ENSP00000309096,9606.ENSP00000315644,9606.ENSP00000319814,9606.ENSP00000323889,9606.ENSP00000332449,9606.ENSP00000334153,9606.ENSP00000337451,9606.ENSP00000340507,9606.ENSP00000340896,9606.ENSP00000345344,9606.ENSP00000346120,9606.ENSP00000351209,9606.ENSP00000352584,9606.ENSP00000352882,9606.ENSP00000355759,9606.ENSP00000356233,9606.ENSP00000357113,9606.ENSP00000358081,9606.ENSP00000358866,9606.ENSP00000360293,9606.ENSP00000362409,9606.ENSP00000363314,9606.ENSP00000363832,9606.ENSP00000367309,9606.ENSP00000368314,9606.ENSP00000369014,9606.ENSP00000370074,9606.ENSP00000370737,9606.ENSP00000371419,9606.ENSP00000373272,9606.ENSP00000381601,9606.ENSP00000392028,9606.ENSP00000398632,9606.ENSP00000399485,9606.ENSP00000409007,9606.ENSP00000416293,9606.ENSP00000418754,9606.ENSP00000452786,9606.ENSP00000467123,9606.ENSP00000468348,9606.ENSP00000480004,9606.ENSP00000484343,9606.ENSP00000488838,9606.ENSP00000494175,9606.ENSP00000497910","NTN1,CTSH,SFRP1,ACTN4,PXDN,SMARCC1,NASP,ITGAV,GAB1,P2RX3,MCM2,IQGAP1,SFRP2,PLIN2,IMPACT,CA2,ALDH1A1,GPD1,ALCAM,GLB1,MCM7,PCSK1,MMP14,B4GAT1,TYMS,PCK1,TRIM25,CRIP1,RFTN1,EPHA3,TRIM24,ASH2L,CTSL,DDX21,EPHA2,AKR1B10,PLXNA4,PARP1,KDM5B,IFI16,BAG3,FLNA,SORBS1,NIBAN2,LIN28A,AOX1,MAOB,NRCAM,NDNF,SERPINB9,GLDC,PARP4,TRIM71,MX1,CHD7,CD44,LY6H,GDNF,SLC2A1,PTK7,ITGB3,NLRP7,MAP2K6,EPHX1,SERPINB6,PON2,HBB,B2M",3.68e-06,0.0032,"Response to chemical"
"Process","GO:0032989",20,603,9606,"9606.ENSP00000173229,9606.ENSP00000259365,9606.ENSP00000268182,9606.ENSP00000284202,9606.ENSP00000290341,9606.ENSP00000291700,9606.ENSP00000300231,9606.ENSP00000305988,9606.ENSP00000309096,9606.ENSP00000327145,9606.ENSP00000337451,9606.ENSP00000343158,9606.ENSP00000351209,9606.ENSP00000352882,9606.ENSP00000362409,9606.ENSP00000368314,9606.ENSP00000377047,9606.ENSP00000409007,9606.ENSP00000418754,9606.ENSP00000490614","NTN1,TMOD1,IQGAP1,IMPACT,IGF2BP1,S100B,MAP1A,ALCAM,B4GAT1,FLNC,EPHA3,EPB41L3,EPHA2,PLXNA4,NIBAN2,NRCAM,PTPRZ1,GDNF,PTK7,DCX",4.37e-06,0.0033,"Cellular component morphogenesis"
"Process","GO:0070887",50,2609,9606,"9606.ENSP00000173229,9606.ENSP00000220166,9606.ENSP00000220772,9606.ENSP00000252699,9606.ENSP00000252804,9606.ENSP00000254480,9606.ENSP00000262995,9606.ENSP00000263314,9606.ENSP00000265056,9606.ENSP00000268182,9606.ENSP00000274063,9606.ENSP00000284202,9606.ENSP00000285379,9606.ENSP00000297785,9606.ENSP00000301149,9606.ENSP00000307288,9606.ENSP00000319814,9606.ENSP00000323889,9606.ENSP00000332449,9606.ENSP00000337451,9606.ENSP00000340507,9606.ENSP00000345344,9606.ENSP00000351209,9606.ENSP00000352584,9606.ENSP00000352882,9606.ENSP00000355759,9606.ENSP00000356233,9606.ENSP00000357113,9606.ENSP00000358081,9606.ENSP00000358866,9606.ENSP00000360293,9606.ENSP00000363314,9606.ENSP00000363832,9606.ENSP00000369014,9606.ENSP00000370074,9606.ENSP00000370737,9606.ENSP00000373272,9606.ENSP00000381601,9606.ENSP00000398632,9606.ENSP00000399485,9606.ENSP00000409007,9606.ENSP00000416293,9606.ENSP00000418754,9606.ENSP00000452786,9606.ENSP00000467123,9606.ENSP00000468348,9606.ENSP00000480004,9606.ENSP00000484343,9606.ENSP00000494175,9606.ENSP00000497910","NTN1,CTSH,SFRP1,ACTN4,PXDN,SMARCC1,GAB1,P2RX3,MCM2,IQGAP1,SFRP2,IMPACT,CA2,ALDH1A1,GPD1,MCM7,PCK1,TRIM25,CRIP1,EPHA3,TRIM24,CTSL,EPHA2,AKR1B10,PLXNA4,PARP1,KDM5B,IFI16,BAG3,FLNA,SORBS1,LIN28A,AOX1,NDNF,SERPINB9,GLDC,TRIM71,MX1,CD44,LY6H,GDNF,SLC2A1,PTK7,ITGB3,NLRP7,MAP2K6,EPHX1,SERPINB6,HBB,B2M",4.8e-06,0.0034,"Cellular response to chemical stimulus"
"Process","GO:0048513",58,3246,9606,"9606.ENSP00000173229,9606.ENSP00000215909,9606.ENSP00000220166,9606.ENSP00000220772,9606.ENSP00000233146,9606.ENSP00000252804,9606.ENSP00000254480,9606.ENSP00000255120,9606.ENSP00000259365,9606.ENSP00000265056,9606.ENSP00000268182,9606.ENSP00000274063,9606.ENSP00000284767,9606.ENSP00000290341,9606.ENSP00000308024,9606.ENSP00000308208,9606.ENSP00000309096,9606.ENSP00000315644,9606.ENSP00000319814,9606.ENSP00000321703,9606.ENSP00000324105,9606.ENSP00000332449,9606.ENSP00000337354,9606.ENSP00000340896,9606.ENSP00000345344,9606.ENSP00000351209,9606.ENSP00000351807,9606.ENSP00000352882,9606.ENSP00000354213,9606.ENSP00000355759,9606.ENSP00000356233,9606.ENSP00000357113,9606.ENSP00000357448,9606.ENSP00000357980,9606.ENSP00000358081,9606.ENSP00000358866,9606.ENSP00000367309,9606.ENSP00000368314,9606.ENSP00000369014,9606.ENSP00000369786,9606.ENSP00000377047,9606.ENSP00000392028,9606.ENSP00000398632,9606.ENSP00000399485,9606.ENSP00000409007,9606.ENSP00000416293,9606.ENSP00000418754,9606.ENSP00000435412,9606.ENSP00000444156,9606.ENSP00000445175,9606.ENSP00000451712,9606.ENSP00000466818,9606.ENSP00000468348,9606.ENSP00000479745,9606.ENSP00000483562,9606.ENSP00000490614,9606.ENSP00000497249,9606.ENSP00000497910","NTN1,LGALS1,CTSH,SFRP1,MSH2,PXDN,SMARCC1,NASP,TMOD1,MCM2,IQGAP1,SFRP2,PDLIM3,IGF2BP1,PCSK1,MMP14,B4GAT1,TYMS,PCK1,TACC1,ENO3,CRIP1,LIPA,ASH2L,CTSL,EPHA2,ELN,PLXNA4,HS3ST3B1,PARP1,KDM5B,IFI16,PBXIP1,HTRA1,BAG3,FLNA,MAOB,NRCAM,NDNF,PIR,PTPRZ1,CHD7,CD44,LY6H,GDNF,SLC2A1,PTK7,RPS6KA1,ARMC6,LDHA,NDRG2,COX6B1,MAP2K6,PRSS56,SALL2,DCX,CRYBB1,B2M",5.63e-06,0.0037,"Animal organ development"
"Process","GO:0051276",26,968,9606,"9606.ENSP00000216122,9606.ENSP00000233146,9606.ENSP00000254480,9606.ENSP00000255120,9606.ENSP00000262105,9606.ENSP00000264156,9606.ENSP00000265056,9606.ENSP00000271452,9606.ENSP00000271715,9606.ENSP00000305480,9606.ENSP00000307288,9606.ENSP00000325017,9606.ENSP00000340896,9606.ENSP00000344504,9606.ENSP00000346120,9606.ENSP00000355759,9606.ENSP00000356233,9606.ENSP00000357113,9606.ENSP00000358262,9606.ENSP00000361298,9606.ENSP00000370968,9606.ENSP00000392028,9606.ENSP00000418648,9606.ENSP00000446880,9606.ENSP00000463154,9606.ENSP00000480987","MCM5,MSH2,SMARCC1,NASP,MCM4,MCM6,MCM2,NUF2,POGZ,FEN1,MCM7,NCAPD2,ASH2L,H1-0,DDX21,PARP1,KDM5B,IFI16,CHD1L,KIF2C,MYBBP1A,CHD7,UBN2,BAZ2A,ANP32E,MCM3",6.48e-06,0.0039,"Chromosome organization"
"Process","GO:0000278",20,631,9606,"9606.ENSP00000216639,9606.ENSP00000233146,9606.ENSP00000255120,9606.ENSP00000262105,9606.ENSP00000264071,9606.ENSP00000264156,9606.ENSP00000265056,9606.ENSP00000271452,9606.ENSP00000271715,9606.ENSP00000321703,9606.ENSP00000325017,9606.ENSP00000349259,9606.ENSP00000353793,9606.ENSP00000358866,9606.ENSP00000359300,9606.ENSP00000361298,9606.ENSP00000373272,9606.ENSP00000428489,9606.ENSP00000443475,9606.ENSP00000480987","VRK1,MSH2,NASP,MCM4,TUBB4A,MCM6,MCM2,NUF2,POGZ,TACC1,NCAPD2,SPTBN1,WDHD1,FLNA,CETN2,KIF2C,TRIM71,PBK,TUBA1C,MCM3",8.37e-06,0.0049,"Mitotic cell cycle"
"Process","GO:0006974",22,744,9606,"9606.ENSP00000216122,9606.ENSP00000216639,9606.ENSP00000233146,9606.ENSP00000234420,9606.ENSP00000262105,9606.ENSP00000264156,9606.ENSP00000265056,9606.ENSP00000271715,9606.ENSP00000305480,9606.ENSP00000307288,9606.ENSP00000332449,9606.ENSP00000340896,9606.ENSP00000351209,9606.ENSP00000353793,9606.ENSP00000355759,9606.ENSP00000357113,9606.ENSP00000358262,9606.ENSP00000359300,9606.ENSP00000371419,9606.ENSP00000468348,9606.ENSP00000472445,9606.ENSP00000480987","MCM5,VRK1,MSH2,MSH6,MCM4,MCM6,MCM2,POGZ,FEN1,MCM7,CRIP1,ASH2L,EPHA2,WDHD1,PARP1,IFI16,CHD1L,CETN2,PARP4,MAP2K6,POLD1,MCM3",8.4e-06,0.0049,"Cellular response to DNA damage stimulus"
"Process","GO:0033260",5,24,9606,"9606.ENSP00000262105,9606.ENSP00000264156,9606.ENSP00000265056,9606.ENSP00000305480,9606.ENSP00000480987","MCM4,MCM6,MCM2,FEN1,MCM3",9.07e-06,0.0049,"Nuclear DNA replication"
"Process","GO:0033554",35,1572,9606,"9606.ENSP00000216122,9606.ENSP00000216639,9606.ENSP00000220772,9606.ENSP00000233146,9606.ENSP00000234420,9606.ENSP00000262105,9606.ENSP00000264156,9606.ENSP00000265056,9606.ENSP00000271715,9606.ENSP00000276914,9606.ENSP00000284202,9606.ENSP00000290341,9606.ENSP00000305480,9606.ENSP00000307288,9606.ENSP00000319814,9606.ENSP00000323889,9606.ENSP00000332449,9606.ENSP00000340896,9606.ENSP00000351209,9606.ENSP00000353793,9606.ENSP00000355759,9606.ENSP00000357113,9606.ENSP00000358081,9606.ENSP00000358262,9606.ENSP00000359300,9606.ENSP00000369014,9606.ENSP00000370968,9606.ENSP00000371419,9606.ENSP00000416293,9606.ENSP00000428489,9606.ENSP00000435412,9606.ENSP00000468348,9606.ENSP00000472445,9606.ENSP00000480987,9606.ENSP00000484343","MCM5,VRK1,SFRP1,MSH2,MSH6,MCM4,MCM6,MCM2,POGZ,PLIN2,IMPACT,IGF2BP1,FEN1,MCM7,PCK1,TRIM25,CRIP1,ASH2L,EPHA2,WDHD1,PARP1,IFI16,BAG3,CHD1L,CETN2,NDNF,MYBBP1A,PARP4,SLC2A1,PBK,RPS6KA1,MAP2K6,POLD1,MCM3,SERPINB6",8.59e-06,0.0049,"Cellular response to stress"
"Process","GO:0006260",11,203,9606,"9606.ENSP00000216122,9606.ENSP00000255120,9606.ENSP00000262105,9606.ENSP00000264156,9606.ENSP00000265056,9606.ENSP00000305480,9606.ENSP00000307288,9606.ENSP00000346120,9606.ENSP00000353793,9606.ENSP00000472445,9606.ENSP00000480987","MCM5,NASP,MCM4,MCM6,MCM2,FEN1,MCM7,DDX21,WDHD1,POLD1,MCM3",1.03e-05,0.0051,"DNA replication"
"Process","GO:0007399",43,2188,9606,"9606.ENSP00000173229,9606.ENSP00000220772,9606.ENSP00000254480,9606.ENSP00000258729,9606.ENSP00000261416,9606.ENSP00000268182,9606.ENSP00000274063,9606.ENSP00000282486,9606.ENSP00000284202,9606.ENSP00000290341,9606.ENSP00000291700,9606.ENSP00000292377,9606.ENSP00000300231,9606.ENSP00000305988,9606.ENSP00000308024,9606.ENSP00000308208,9606.ENSP00000309096,9606.ENSP00000321703,9606.ENSP00000324105,9606.ENSP00000337451,9606.ENSP00000343158,9606.ENSP00000349259,9606.ENSP00000351209,9606.ENSP00000352882,9606.ENSP00000358081,9606.ENSP00000362409,9606.ENSP00000367309,9606.ENSP00000368314,9606.ENSP00000369014,9606.ENSP00000373272,9606.ENSP00000377047,9606.ENSP00000378401,9606.ENSP00000392028,9606.ENSP00000399485,9606.ENSP00000409007,9606.ENSP00000416293,9606.ENSP00000418754,9606.ENSP00000438875,9606.ENSP00000445175,9606.ENSP00000451712,9606.ENSP00000466818,9606.ENSP00000483562,9606.ENSP00000490614","NTN1,SFRP1,SMARCC1,IGF2BP3,HEXB,IQGAP1,SFRP2,MBNL1,IMPACT,IGF2BP1,S100B,GPC2,MAP1A,ALCAM,PCSK1,MMP14,B4GAT1,TACC1,ENO3,EPHA3,EPB41L3,SPTBN1,EPHA2,PLXNA4,BAG3,NIBAN2,MAOB,NRCAM,NDNF,TRIM71,PTPRZ1,SPOCK1,CHD7,LY6H,GDNF,SLC2A1,PTK7,NOVA1,LDHA,NDRG2,COX6B1,SALL2,DCX",1.47e-05,0.0068,"Nervous system development"
"Process","GO:1902969",4,12,9606,"9606.ENSP00000262105,9606.ENSP00000264156,9606.ENSP00000265056,9606.ENSP00000480987","MCM4,MCM6,MCM2,MCM3",1.58e-05,0.0071,"Mitotic DNA replication"
"Process","GO:0035239",20,669,9606,"9606.ENSP00000173229,9606.ENSP00000220166,9606.ENSP00000220772,9606.ENSP00000252804,9606.ENSP00000261023,9606.ENSP00000262995,9606.ENSP00000274063,9606.ENSP00000308208,9606.ENSP00000351209,9606.ENSP00000354213,9606.ENSP00000356233,9606.ENSP00000358866,9606.ENSP00000366243,9606.ENSP00000368314,9606.ENSP00000369014,9606.ENSP00000373272,9606.ENSP00000392028,9606.ENSP00000409007,9606.ENSP00000418754,9606.ENSP00000452786","NTN1,CTSH,SFRP1,PXDN,ITGAV,GAB1,SFRP2,MMP14,EPHA2,HS3ST3B1,KDM5B,FLNA,CEMIP2,NRCAM,NDNF,TRIM71,CHD7,GDNF,PTK7,ITGB3",1.9e-05,0.0081,"Tube morphogenesis"
"Process","GO:0009719",31,1363,9606,"9606.ENSP00000220166,9606.ENSP00000220772,9606.ENSP00000254480,9606.ENSP00000262995,9606.ENSP00000263314,9606.ENSP00000268182,9606.ENSP00000274063,9606.ENSP00000284202,9606.ENSP00000285379,9606.ENSP00000301149,9606.ENSP00000306920,9606.ENSP00000307288,9606.ENSP00000308024,9606.ENSP00000308208,9606.ENSP00000315644,9606.ENSP00000319814,9606.ENSP00000323889,9606.ENSP00000340507,9606.ENSP00000340896,9606.ENSP00000345344,9606.ENSP00000355759,9606.ENSP00000356233,9606.ENSP00000358866,9606.ENSP00000360293,9606.ENSP00000367309,9606.ENSP00000369014,9606.ENSP00000370074,9606.ENSP00000373272,9606.ENSP00000398632,9606.ENSP00000416293,9606.ENSP00000452786","CTSH,SFRP1,SMARCC1,GAB1,P2RX3,IQGAP1,SFRP2,IMPACT,CA2,GPD1,GLB1,MCM7,PCSK1,MMP14,TYMS,PCK1,TRIM25,TRIM24,ASH2L,CTSL,PARP1,KDM5B,FLNA,SORBS1,MAOB,NDNF,SERPINB9,TRIM71,CD44,SLC2A1,ITGB3",2.04e-05,0.0084,"Response to endogenous stimulus"
"Process","GO:0050896",108,7835,9606,"9606.ENSP00000173229,9606.ENSP00000215909,9606.ENSP00000216122,9606.ENSP00000216639,9606.ENSP00000220166,9606.ENSP00000220597,9606.ENSP00000220772,9606.ENSP00000222553,9606.ENSP00000233146,9606.ENSP00000234420,9606.ENSP00000248564,9606.ENSP00000252699,9606.ENSP00000252804,9606.ENSP00000254480,9606.ENSP00000255120,9606.ENSP00000261023,9606.ENSP00000262105,9606.ENSP00000262776,9606.ENSP00000262995,9606.ENSP00000263314,9606.ENSP00000264156,9606.ENSP00000265056,9606.ENSP00000265071,9606.ENSP00000268182,9606.ENSP00000271452,9606.ENSP00000271715,9606.ENSP00000274063,9606.ENSP00000276914,9606.ENSP00000284202,9606.ENSP00000285379,9606.ENSP00000290341,9606.ENSP00000292377,9606.ENSP00000297785,9606.ENSP00000299529,9606.ENSP00000301149,9606.ENSP00000305480,9606.ENSP00000305988,9606.ENSP00000306920,9606.ENSP00000307288,9606.ENSP00000308024,9606.ENSP00000308208,9606.ENSP00000309096,9606.ENSP00000315644,9606.ENSP00000319814,9606.ENSP00000322273,9606.ENSP00000323889,9606.ENSP00000332449,9606.ENSP00000334153,9606.ENSP00000337354,9606.ENSP00000337451,9606.ENSP00000340507,9606.ENSP00000340896,9606.ENSP00000345344,9606.ENSP00000346120,9606.ENSP00000349259,9606.ENSP00000351209,9606.ENSP00000352584,9606.ENSP00000352882,9606.ENSP00000353793,9606.ENSP00000355759,9606.ENSP00000356233,9606.ENSP00000357113,9606.ENSP00000357448,9606.ENSP00000358081,9606.ENSP00000358262,9606.ENSP00000358866,9606.ENSP00000359300,9606.ENSP00000360293,9606.ENSP00000362409,9606.ENSP00000363314,9606.ENSP00000363832,9606.ENSP00000364585,9606.ENSP00000367309,9606.ENSP00000368314,9606.ENSP00000369014,9606.ENSP00000370074,9606.ENSP00000370737,9606.ENSP00000370968,9606.ENSP00000371419,9606.ENSP00000373272,9606.ENSP00000378760,9606.ENSP00000381601,9606.ENSP00000392028,9606.ENSP00000398632,9606.ENSP00000399485,9606.ENSP00000409007,9606.ENSP00000416293,9606.ENSP00000418754,9606.ENSP00000423067,9606.ENSP00000428489,9606.ENSP00000435412,9606.ENSP00000436455,9606.ENSP00000451712,9606.ENSP00000452786,9606.ENSP00000467123,9606.ENSP00000468348,9606.ENSP00000472445,9606.ENSP00000479745,9606.ENSP00000480004,9606.ENSP00000480987,9606.ENSP00000482841,9606.ENSP00000484343,9606.ENSP00000488838,9606.ENSP00000490614,9606.ENSP00000494175,9606.ENSP00000497910,9606.ENSP00000498132,9606.ENSP00000499092","NTN1,LGALS1,MCM5,VRK1,CTSH,PAG1,SFRP1,NAMPT,MSH2,MSH6,GNG11,ACTN4,PXDN,SMARCC1,NASP,ITGAV,MCM4,LGALS3BP,GAB1,P2RX3,MCM6,MCM2,CDH6,IQGAP1,NUF2,POGZ,SFRP2,PLIN2,IMPACT,CA2,IGF2BP1,GPC2,ALDH1A1,CRABP1,GPD1,FEN1,ALCAM,GLB1,MCM7,PCSK1,MMP14,B4GAT1,TYMS,PCK1,OLFML3,TRIM25,CRIP1,RFTN1,LIPA,EPHA3,TRIM24,ASH2L,CTSL,DDX21,SPTBN1,EPHA2,AKR1B10,PLXNA4,WDHD1,PARP1,KDM5B,IFI16,PBXIP1,BAG3,CHD1L,FLNA,CETN2,SORBS1,NIBAN2,LIN28A,AOX1,RCC2,MAOB,NRCAM,NDNF,SERPINB9,GLDC,MYBBP1A,PARP4,TRIM71,MVP,MX1,CHD7,CD44,LY6H,GDNF,SLC2A1,PTK7,WDR36,PBK,RPS6KA1,NUCB2,NDRG2,ITGB3,NLRP7,MAP2K6,POLD1,PRSS56,EPHX1,MCM3,CRABP2,SERPINB6,PON2,DCX,HBB,B2M,CAPN5,GPRC5C",2.05e-05,0.0084,"Response to stimulus"
"Process","GO:0051248",26,1038,9606,"9606.ENSP00000220772,9606.ENSP00000254480,9606.ENSP00000258729,9606.ENSP00000261023,9606.ENSP00000274063,9606.ENSP00000284202,9606.ENSP00000290341,9606.ENSP00000300231,9606.ENSP00000315644,9606.ENSP00000328547,9606.ENSP00000354040,9606.ENSP00000357113,9606.ENSP00000358866,9606.ENSP00000361562,9606.ENSP00000363314,9606.ENSP00000370074,9606.ENSP00000373272,9606.ENSP00000378401,9606.ENSP00000378760,9606.ENSP00000398632,9606.ENSP00000428489,9606.ENSP00000435412,9606.ENSP00000452786,9606.ENSP00000460236,9606.ENSP00000467123,9606.ENSP00000484343","SFRP1,SMARCC1,IGF2BP3,ITGAV,SFRP2,IMPACT,IGF2BP1,MAP1A,TYMS,DNMT3B,GTPBP4,IFI16,FLNA,CTSA,LIN28A,SERPINB9,TRIM71,SPOCK1,MVP,CD44,PBK,RPS6KA1,ITGB3,SPON1,NLRP7,SERPINB6",2.12e-05,0.0084,"Negative regulation of protein metabolic process"
"Process","GO:0007409",14,363,9606,"9606.ENSP00000173229,9606.ENSP00000291700,9606.ENSP00000300231,9606.ENSP00000305988,9606.ENSP00000309096,9606.ENSP00000337451,9606.ENSP00000351209,9606.ENSP00000352882,9606.ENSP00000362409,9606.ENSP00000368314,9606.ENSP00000377047,9606.ENSP00000409007,9606.ENSP00000418754,9606.ENSP00000490614","NTN1,S100B,MAP1A,ALCAM,B4GAT1,EPHA3,EPHA2,PLXNA4,NIBAN2,NRCAM,PTPRZ1,GDNF,PTK7,DCX",2.64e-05,0.0101,"Axonogenesis"
"Process","GO:0050789",145,11655,9606,"9606.ENSP00000173229,9606.ENSP00000215909,9606.ENSP00000216122,9606.ENSP00000216639,9606.ENSP00000220166,9606.ENSP00000220597,9606.ENSP00000220772,9606.ENSP00000222553,9606.ENSP00000233146,9606.ENSP00000234170,9606.ENSP00000234420,9606.ENSP00000236671,9606.ENSP00000248564,9606.ENSP00000252699,9606.ENSP00000252804,9606.ENSP00000254480,9606.ENSP00000258729,9606.ENSP00000259365,9606.ENSP00000261023,9606.ENSP00000261416,9606.ENSP00000262105,9606.ENSP00000262776,9606.ENSP00000262932,9606.ENSP00000262995,9606.ENSP00000263314,9606.ENSP00000264071,9606.ENSP00000264156,9606.ENSP00000265056,9606.ENSP00000265071,9606.ENSP00000265107,9606.ENSP00000268182,9606.ENSP00000271452,9606.ENSP00000271715,9606.ENSP00000274063,9606.ENSP00000274353,9606.ENSP00000276914,9606.ENSP00000282486,9606.ENSP00000284202,9606.ENSP00000285379,9606.ENSP00000290341,9606.ENSP00000291700,9606.ENSP00000292377,9606.ENSP00000297785,9606.ENSP00000299529,9606.ENSP00000300231,9606.ENSP00000301149,9606.ENSP00000305480,9606.ENSP00000305988,9606.ENSP00000306625,9606.ENSP00000307288,9606.ENSP00000308024,9606.ENSP00000308208,9606.ENSP00000311344,9606.ENSP00000313601,9606.ENSP00000315644,9606.ENSP00000319814,9606.ENSP00000321703,9606.ENSP00000322273,9606.ENSP00000323889,9606.ENSP00000325017,9606.ENSP00000328547,9606.ENSP00000332449,9606.ENSP00000334153,9606.ENSP00000337354,9606.ENSP00000337451,9606.ENSP00000339917,9606.ENSP00000340292,9606.ENSP00000340507,9606.ENSP00000340896,9606.ENSP00000343158,9606.ENSP00000344504,9606.ENSP00000346120,9606.ENSP00000348381,9606.ENSP00000349259,9606.ENSP00000351209,9606.ENSP00000351807,9606.ENSP00000352882,9606.ENSP00000354040,9606.ENSP00000355541,9606.ENSP00000355759,9606.ENSP00000356233,9606.ENSP00000357113,9606.ENSP00000357448,9606.ENSP00000357980,9606.ENSP00000358081,9606.ENSP00000358866,9606.ENSP00000359300,9606.ENSP00000360293,9606.ENSP00000361298,9606.ENSP00000361562,9606.ENSP00000362409,9606.ENSP00000363314,9606.ENSP00000364585,9606.ENSP00000366243,9606.ENSP00000367197,9606.ENSP00000367309,9606.ENSP00000368314,9606.ENSP00000368959,9606.ENSP00000369014,9606.ENSP00000369786,9606.ENSP00000370074,9606.ENSP00000370588,9606.ENSP00000370968,9606.ENSP00000371419,9606.ENSP00000373272,9606.ENSP00000377047,9606.ENSP00000377789,9606.ENSP00000378401,9606.ENSP00000378760,9606.ENSP00000381601,9606.ENSP00000381984,9606.ENSP00000392028,9606.ENSP00000395772,9606.ENSP00000398632,9606.ENSP00000399485,9606.ENSP00000409007,9606.ENSP00000413445,9606.ENSP00000414019,9606.ENSP00000418754,9606.ENSP00000418944,9606.ENSP00000423067,9606.ENSP00000428489,9606.ENSP00000435412,9606.ENSP00000436455,9606.ENSP00000438875,9606.ENSP00000439800,9606.ENSP00000446880,9606.ENSP00000451712,9606.ENSP00000452786,9606.ENSP00000460236,9606.ENSP00000463154,9606.ENSP00000467123,9606.ENSP00000468348,9606.ENSP00000478104,9606.ENSP00000479745,9606.ENSP00000480987,9606.ENSP00000482841,9606.ENSP00000483562,9606.ENSP00000484343,9606.ENSP00000490614,9606.ENSP00000494175,9606.ENSP00000497910,9606.ENSP00000498132,9606.ENSP00000498662,9606.ENSP00000499092","NTN1,LGALS1,MCM5,VRK1,CTSH,PAG1,SFRP1,NAMPT,MSH2,CEBPZ,MSH6,CTSD,GNG11,ACTN4,PXDN,SMARCC1,IGF2BP3,TMOD1,ITGAV,HEXB,MCM4,LGALS3BP,CNPY4,GAB1,P2RX3,TUBB4A,MCM6,MCM2,CDH6,WDR70,IQGAP1,NUF2,POGZ,SFRP2,BHMT,PLIN2,MBNL1,IMPACT,CA2,IGF2BP1,S100B,GPC2,ALDH1A1,CRABP1,MAP1A,GPD1,FEN1,ALCAM,ASPSCR1,MCM7,PCSK1,MMP14,PPP2R1B,CC2D1A,TYMS,PCK1,TACC1,OLFML3,TRIM25,NCAPD2,DNMT3B,CRIP1,RFTN1,LIPA,EPHA3,TAF9B,DLK1,TRIM24,ASH2L,EPB41L3,H1-0,DDX21,ADD3,SPTBN1,EPHA2,ELN,PLXNA4,GTPBP4,HEATR1,PARP1,KDM5B,IFI16,PBXIP1,HTRA1,BAG3,FLNA,CETN2,SORBS1,KIF2C,CTSA,NIBAN2,LIN28A,RCC2,CEMIP2,SCGN,MAOB,NRCAM,REEP5,NDNF,PIR,SERPINB9,CD99,MYBBP1A,PARP4,TRIM71,PTPRZ1,SYNPO,SPOCK1,MVP,MX1,RPRD1A,CHD7,GNL3,CD44,LY6H,GDNF,KIAA1324L,GDPD2,PTK7,PEG10,WDR36,PBK,RPS6KA1,NUCB2,NOVA1,ZMYND8,BAZ2A,NDRG2,ITGB3,SPON1,ANP32E,NLRP7,MAP2K6,VPS13D,PRSS56,MCM3,CRABP2,SALL2,SERPINB6,DCX,HBB,B2M,CAPN5,LRRC4B,GPRC5C",2.78e-05,0.0104,"Regulation of biological process"
"Process","GO:0050794",139,11025,9606,"9606.ENSP00000173229,9606.ENSP00000215909,9606.ENSP00000216122,9606.ENSP00000216639,9606.ENSP00000220166,9606.ENSP00000220597,9606.ENSP00000220772,9606.ENSP00000222553,9606.ENSP00000233146,9606.ENSP00000234170,9606.ENSP00000234420,9606.ENSP00000236671,9606.ENSP00000248564,9606.ENSP00000252699,9606.ENSP00000252804,9606.ENSP00000254480,9606.ENSP00000258729,9606.ENSP00000259365,9606.ENSP00000261023,9606.ENSP00000261416,9606.ENSP00000262105,9606.ENSP00000262776,9606.ENSP00000262932,9606.ENSP00000262995,9606.ENSP00000263314,9606.ENSP00000264071,9606.ENSP00000264156,9606.ENSP00000265056,9606.ENSP00000265071,9606.ENSP00000265107,9606.ENSP00000268182,9606.ENSP00000271452,9606.ENSP00000271715,9606.ENSP00000274063,9606.ENSP00000274353,9606.ENSP00000282486,9606.ENSP00000284202,9606.ENSP00000285379,9606.ENSP00000290341,9606.ENSP00000291700,9606.ENSP00000292377,9606.ENSP00000299529,9606.ENSP00000300231,9606.ENSP00000301149,9606.ENSP00000305480,9606.ENSP00000305988,9606.ENSP00000306625,9606.ENSP00000307288,9606.ENSP00000308024,9606.ENSP00000308208,9606.ENSP00000311344,9606.ENSP00000313601,9606.ENSP00000315644,9606.ENSP00000319814,9606.ENSP00000321703,9606.ENSP00000322273,9606.ENSP00000323889,9606.ENSP00000325017,9606.ENSP00000328547,9606.ENSP00000332449,9606.ENSP00000334153,9606.ENSP00000337451,9606.ENSP00000339917,9606.ENSP00000340292,9606.ENSP00000340507,9606.ENSP00000340896,9606.ENSP00000343158,9606.ENSP00000344504,9606.ENSP00000346120,9606.ENSP00000348381,9606.ENSP00000349259,9606.ENSP00000351209,9606.ENSP00000351807,9606.ENSP00000352882,9606.ENSP00000354040,9606.ENSP00000355541,9606.ENSP00000355759,9606.ENSP00000356233,9606.ENSP00000357113,9606.ENSP00000357448,9606.ENSP00000357980,9606.ENSP00000358081,9606.ENSP00000358866,9606.ENSP00000359300,9606.ENSP00000360293,9606.ENSP00000361298,9606.ENSP00000361562,9606.ENSP00000362409,9606.ENSP00000363314,9606.ENSP00000364585,9606.ENSP00000367197,9606.ENSP00000367309,9606.ENSP00000368314,9606.ENSP00000368959,9606.ENSP00000369014,9606.ENSP00000369786,9606.ENSP00000370074,9606.ENSP00000370588,9606.ENSP00000370968,9606.ENSP00000371419,9606.ENSP00000373272,9606.ENSP00000377047,9606.ENSP00000377789,9606.ENSP00000378401,9606.ENSP00000378760,9606.ENSP00000381601,9606.ENSP00000381984,9606.ENSP00000392028,9606.ENSP00000395772,9606.ENSP00000398632,9606.ENSP00000399485,9606.ENSP00000409007,9606.ENSP00000413445,9606.ENSP00000414019,9606.ENSP00000418754,9606.ENSP00000418944,9606.ENSP00000423067,9606.ENSP00000428489,9606.ENSP00000435412,9606.ENSP00000436455,9606.ENSP00000438875,9606.ENSP00000439800,9606.ENSP00000446880,9606.ENSP00000451712,9606.ENSP00000452786,9606.ENSP00000460236,9606.ENSP00000463154,9606.ENSP00000468348,9606.ENSP00000478104,9606.ENSP00000479745,9606.ENSP00000480987,9606.ENSP00000482841,9606.ENSP00000483562,9606.ENSP00000490614,9606.ENSP00000494175,9606.ENSP00000497910,9606.ENSP00000498132,9606.ENSP00000498662,9606.ENSP00000499092","NTN1,LGALS1,MCM5,VRK1,CTSH,PAG1,SFRP1,NAMPT,MSH2,CEBPZ,MSH6,CTSD,GNG11,ACTN4,PXDN,SMARCC1,IGF2BP3,TMOD1,ITGAV,HEXB,MCM4,LGALS3BP,CNPY4,GAB1,P2RX3,TUBB4A,MCM6,MCM2,CDH6,WDR70,IQGAP1,NUF2,POGZ,SFRP2,BHMT,MBNL1,IMPACT,CA2,IGF2BP1,S100B,GPC2,CRABP1,MAP1A,GPD1,FEN1,ALCAM,ASPSCR1,MCM7,PCSK1,MMP14,PPP2R1B,CC2D1A,TYMS,PCK1,TACC1,OLFML3,TRIM25,NCAPD2,DNMT3B,CRIP1,RFTN1,EPHA3,TAF9B,DLK1,TRIM24,ASH2L,EPB41L3,H1-0,DDX21,ADD3,SPTBN1,EPHA2,ELN,PLXNA4,GTPBP4,HEATR1,PARP1,KDM5B,IFI16,PBXIP1,HTRA1,BAG3,FLNA,CETN2,SORBS1,KIF2C,CTSA,NIBAN2,LIN28A,RCC2,SCGN,MAOB,NRCAM,REEP5,NDNF,PIR,SERPINB9,CD99,MYBBP1A,PARP4,TRIM71,PTPRZ1,SYNPO,SPOCK1,MVP,MX1,RPRD1A,CHD7,GNL3,CD44,LY6H,GDNF,KIAA1324L,GDPD2,PTK7,PEG10,WDR36,PBK,RPS6KA1,NUCB2,NOVA1,ZMYND8,BAZ2A,NDRG2,ITGB3,SPON1,ANP32E,MAP2K6,VPS13D,PRSS56,MCM3,CRABP2,SALL2,DCX,HBB,B2M,CAPN5,LRRC4B,GPRC5C",2.99e-05,0.0109,"Regulation of cellular process"
"Process","GO:0030203",8,115,9606,"9606.ENSP00000261416,9606.ENSP00000306920,9606.ENSP00000309096,9606.ENSP00000354213,9606.ENSP00000363603,9606.ENSP00000366243,9606.ENSP00000369014,9606.ENSP00000398632","HEXB,GLB1,B4GAT1,HS3ST3B1,FUCA1,CEMIP2,NDNF,CD44",3.24e-05,0.0114,"Glycosaminoglycan metabolic process"
"Process","GO:0032501",93,6490,9606,"9606.ENSP00000173229,9606.ENSP00000215909,9606.ENSP00000220166,9606.ENSP00000220772,9606.ENSP00000222553,9606.ENSP00000233146,9606.ENSP00000234420,9606.ENSP00000252804,9606.ENSP00000254480,9606.ENSP00000255120,9606.ENSP00000258729,9606.ENSP00000259365,9606.ENSP00000261023,9606.ENSP00000261416,9606.ENSP00000262995,9606.ENSP00000263314,9606.ENSP00000268182,9606.ENSP00000274063,9606.ENSP00000282486,9606.ENSP00000284202,9606.ENSP00000284767,9606.ENSP00000290341,9606.ENSP00000291700,9606.ENSP00000292377,9606.ENSP00000297785,9606.ENSP00000300231,9606.ENSP00000305480,9606.ENSP00000305988,9606.ENSP00000308024,9606.ENSP00000308208,9606.ENSP00000309096,9606.ENSP00000315644,9606.ENSP00000319814,9606.ENSP00000321703,9606.ENSP00000324105,9606.ENSP00000332449,9606.ENSP00000336775,9606.ENSP00000337354,9606.ENSP00000337451,9606.ENSP00000340896,9606.ENSP00000343158,9606.ENSP00000345344,9606.ENSP00000346120,9606.ENSP00000349259,9606.ENSP00000351209,9606.ENSP00000351807,9606.ENSP00000352882,9606.ENSP00000354040,9606.ENSP00000354213,9606.ENSP00000355759,9606.ENSP00000356233,9606.ENSP00000357113,9606.ENSP00000357448,9606.ENSP00000357980,9606.ENSP00000358081,9606.ENSP00000358866,9606.ENSP00000359300,9606.ENSP00000362409,9606.ENSP00000363314,9606.ENSP00000366243,9606.ENSP00000367309,9606.ENSP00000368314,9606.ENSP00000369014,9606.ENSP00000369786,9606.ENSP00000370968,9606.ENSP00000373272,9606.ENSP00000377047,9606.ENSP00000378401,9606.ENSP00000392028,9606.ENSP00000395473,9606.ENSP00000395772,9606.ENSP00000398632,9606.ENSP00000399485,9606.ENSP00000409007,9606.ENSP00000416293,9606.ENSP00000418754,9606.ENSP00000423067,9606.ENSP00000435412,9606.ENSP00000438875,9606.ENSP00000444156,9606.ENSP00000445175,9606.ENSP00000451712,9606.ENSP00000452786,9606.ENSP00000466818,9606.ENSP00000468348,9606.ENSP00000479745,9606.ENSP00000482841,9606.ENSP00000483562,9606.ENSP00000484343,9606.ENSP00000490614,9606.ENSP00000494175,9606.ENSP00000497249,9606.ENSP00000497910","NTN1,LGALS1,CTSH,SFRP1,NAMPT,MSH2,MSH6,PXDN,SMARCC1,NASP,IGF2BP3,TMOD1,ITGAV,HEXB,GAB1,P2RX3,IQGAP1,SFRP2,MBNL1,IMPACT,PDLIM3,IGF2BP1,S100B,GPC2,ALDH1A1,MAP1A,FEN1,ALCAM,PCSK1,MMP14,B4GAT1,TYMS,PCK1,TACC1,ENO3,CRIP1,SYNM,LIPA,EPHA3,ASH2L,EPB41L3,CTSL,DDX21,SPTBN1,EPHA2,ELN,PLXNA4,GTPBP4,HS3ST3B1,PARP1,KDM5B,IFI16,PBXIP1,HTRA1,BAG3,FLNA,CETN2,NIBAN2,LIN28A,CEMIP2,MAOB,NRCAM,NDNF,PIR,MYBBP1A,TRIM71,PTPRZ1,SPOCK1,CHD7,MAN2B1,GNL3,CD44,LY6H,GDNF,SLC2A1,PTK7,WDR36,RPS6KA1,NOVA1,ARMC6,LDHA,NDRG2,ITGB3,COX6B1,MAP2K6,PRSS56,CRABP2,SALL2,SERPINB6,DCX,HBB,CRYBB1,B2M",3.2e-05,0.0114,"Multicellular organismal process"
"Process","GO:0048522",83,5584,9606,"9606.ENSP00000173229,9606.ENSP00000215909,9606.ENSP00000216639,9606.ENSP00000220166,9606.ENSP00000220772,9606.ENSP00000222553,9606.ENSP00000233146,9606.ENSP00000234170,9606.ENSP00000236671,9606.ENSP00000252699,9606.ENSP00000254480,9606.ENSP00000261023,9606.ENSP00000261416,9606.ENSP00000262932,9606.ENSP00000262995,9606.ENSP00000263314,9606.ENSP00000268182,9606.ENSP00000271715,9606.ENSP00000274063,9606.ENSP00000284202,9606.ENSP00000285379,9606.ENSP00000290341,9606.ENSP00000291700,9606.ENSP00000292377,9606.ENSP00000300231,9606.ENSP00000301149,9606.ENSP00000305480,9606.ENSP00000308024,9606.ENSP00000308208,9606.ENSP00000311344,9606.ENSP00000313601,9606.ENSP00000319814,9606.ENSP00000321703,9606.ENSP00000323889,9606.ENSP00000325017,9606.ENSP00000328547,9606.ENSP00000337451,9606.ENSP00000339917,9606.ENSP00000340507,9606.ENSP00000340896,9606.ENSP00000346120,9606.ENSP00000349259,9606.ENSP00000351209,9606.ENSP00000352882,9606.ENSP00000355541,9606.ENSP00000355759,9606.ENSP00000356233,9606.ENSP00000357113,9606.ENSP00000357448,9606.ENSP00000357980,9606.ENSP00000358081,9606.ENSP00000358866,9606.ENSP00000360293,9606.ENSP00000362409,9606.ENSP00000363314,9606.ENSP00000364585,9606.ENSP00000367309,9606.ENSP00000368314,9606.ENSP00000369014,9606.ENSP00000370588,9606.ENSP00000370968,9606.ENSP00000373272,9606.ENSP00000377047,9606.ENSP00000377789,9606.ENSP00000392028,9606.ENSP00000395772,9606.ENSP00000398632,9606.ENSP00000409007,9606.ENSP00000413445,9606.ENSP00000414019,9606.ENSP00000418754,9606.ENSP00000428489,9606.ENSP00000435412,9606.ENSP00000452786,9606.ENSP00000468348,9606.ENSP00000478104,9606.ENSP00000479745,9606.ENSP00000482841,9606.ENSP00000483562,9606.ENSP00000494175,9606.ENSP00000497910,9606.ENSP00000498662,9606.ENSP00000499092","NTN1,LGALS1,VRK1,CTSH,SFRP1,NAMPT,MSH2,CEBPZ,CTSD,ACTN4,SMARCC1,ITGAV,HEXB,CNPY4,GAB1,P2RX3,IQGAP1,POGZ,SFRP2,IMPACT,CA2,IGF2BP1,S100B,GPC2,MAP1A,GPD1,FEN1,PCSK1,MMP14,PPP2R1B,CC2D1A,PCK1,TACC1,TRIM25,NCAPD2,DNMT3B,EPHA3,TAF9B,TRIM24,ASH2L,DDX21,SPTBN1,EPHA2,PLXNA4,HEATR1,PARP1,KDM5B,IFI16,PBXIP1,HTRA1,BAG3,FLNA,SORBS1,NIBAN2,LIN28A,RCC2,MAOB,NRCAM,NDNF,CD99,MYBBP1A,TRIM71,PTPRZ1,SYNPO,CHD7,GNL3,CD44,GDNF,KIAA1324L,GDPD2,PTK7,PBK,RPS6KA1,ITGB3,MAP2K6,VPS13D,PRSS56,CRABP2,SALL2,HBB,B2M,LRRC4B,GPRC5C",3.26e-05,0.0114,"Positive regulation of cellular process"
"Process","GO:0071214",13,325,9606,"9606.ENSP00000220772,9606.ENSP00000274063,9606.ENSP00000284202,9606.ENSP00000319814,9606.ENSP00000332449,9606.ENSP00000355759,9606.ENSP00000357113,9606.ENSP00000358081,9606.ENSP00000416293,9606.ENSP00000428489,9606.ENSP00000452786,9606.ENSP00000472445,9606.ENSP00000484343","SFRP1,SFRP2,IMPACT,PCK1,CRIP1,PARP1,IFI16,BAG3,SLC2A1,PBK,ITGB3,POLD1,SERPINB6",3.59e-05,0.012,"Cellular response to abiotic stimulus"
"Process","GO:0051052",17,541,9606,"9606.ENSP00000216122,9606.ENSP00000233146,9606.ENSP00000234420,9606.ENSP00000254480,9606.ENSP00000262105,9606.ENSP00000264156,9606.ENSP00000265056,9606.ENSP00000265107,9606.ENSP00000271715,9606.ENSP00000307288,9606.ENSP00000344504,9606.ENSP00000354040,9606.ENSP00000355759,9606.ENSP00000362409,9606.ENSP00000371419,9606.ENSP00000395772,9606.ENSP00000480987","MCM5,MSH2,MSH6,SMARCC1,MCM4,MCM6,MCM2,WDR70,POGZ,MCM7,H1-0,GTPBP4,PARP1,NIBAN2,PARP4,GNL3,MCM3",4.54e-05,0.014,"Regulation of DNA metabolic process"
"Process","GO:0051716",91,6357,9606,"9606.ENSP00000173229,9606.ENSP00000216122,9606.ENSP00000216639,9606.ENSP00000220166,9606.ENSP00000220597,9606.ENSP00000220772,9606.ENSP00000222553,9606.ENSP00000233146,9606.ENSP00000234420,9606.ENSP00000248564,9606.ENSP00000252699,9606.ENSP00000252804,9606.ENSP00000254480,9606.ENSP00000261023,9606.ENSP00000262105,9606.ENSP00000262776,9606.ENSP00000262995,9606.ENSP00000263314,9606.ENSP00000264156,9606.ENSP00000265056,9606.ENSP00000265071,9606.ENSP00000268182,9606.ENSP00000271452,9606.ENSP00000271715,9606.ENSP00000274063,9606.ENSP00000276914,9606.ENSP00000284202,9606.ENSP00000285379,9606.ENSP00000290341,9606.ENSP00000292377,9606.ENSP00000297785,9606.ENSP00000299529,9606.ENSP00000301149,9606.ENSP00000305480,9606.ENSP00000305988,9606.ENSP00000307288,9606.ENSP00000319814,9606.ENSP00000322273,9606.ENSP00000323889,9606.ENSP00000332449,9606.ENSP00000334153,9606.ENSP00000337451,9606.ENSP00000340507,9606.ENSP00000340896,9606.ENSP00000345344,9606.ENSP00000349259,9606.ENSP00000351209,9606.ENSP00000352584,9606.ENSP00000352882,9606.ENSP00000353793,9606.ENSP00000355759,9606.ENSP00000356233,9606.ENSP00000357113,9606.ENSP00000358081,9606.ENSP00000358262,9606.ENSP00000358866,9606.ENSP00000359300,9606.ENSP00000360293,9606.ENSP00000363314,9606.ENSP00000363832,9606.ENSP00000364585,9606.ENSP00000369014,9606.ENSP00000370074,9606.ENSP00000370737,9606.ENSP00000370968,9606.ENSP00000371419,9606.ENSP00000373272,9606.ENSP00000378760,9606.ENSP00000381601,9606.ENSP00000398632,9606.ENSP00000399485,9606.ENSP00000409007,9606.ENSP00000416293,9606.ENSP00000418754,9606.ENSP00000428489,9606.ENSP00000435412,9606.ENSP00000436455,9606.ENSP00000451712,9606.ENSP00000452786,9606.ENSP00000467123,9606.ENSP00000468348,9606.ENSP00000472445,9606.ENSP00000480004,9606.ENSP00000480987,9606.ENSP00000482841,9606.ENSP00000484343,9606.ENSP00000490614,9606.ENSP00000494175,9606.ENSP00000497910,9606.ENSP00000498132,9606.ENSP00000499092","NTN1,MCM5,VRK1,CTSH,PAG1,SFRP1,NAMPT,MSH2,MSH6,GNG11,ACTN4,PXDN,SMARCC1,ITGAV,MCM4,LGALS3BP,GAB1,P2RX3,MCM6,MCM2,CDH6,IQGAP1,NUF2,POGZ,SFRP2,PLIN2,IMPACT,CA2,IGF2BP1,GPC2,ALDH1A1,CRABP1,GPD1,FEN1,ALCAM,MCM7,PCK1,OLFML3,TRIM25,CRIP1,RFTN1,EPHA3,TRIM24,ASH2L,CTSL,SPTBN1,EPHA2,AKR1B10,PLXNA4,WDHD1,PARP1,KDM5B,IFI16,BAG3,CHD1L,FLNA,CETN2,SORBS1,LIN28A,AOX1,RCC2,NDNF,SERPINB9,GLDC,MYBBP1A,PARP4,TRIM71,MVP,MX1,CD44,LY6H,GDNF,SLC2A1,PTK7,PBK,RPS6KA1,NUCB2,NDRG2,ITGB3,NLRP7,MAP2K6,POLD1,EPHX1,MCM3,CRABP2,SERPINB6,DCX,HBB,B2M,CAPN5,GPRC5C",4.47e-05,0.014,"Cellular response to stimulus"
"Process","GO:0007155",24,965,9606,"9606.ENSP00000173229,9606.ENSP00000199448,9606.ENSP00000215909,9606.ENSP00000216286,9606.ENSP00000252804,9606.ENSP00000261023,9606.ENSP00000262776,9606.ENSP00000265071,9606.ENSP00000305988,9606.ENSP00000337451,9606.ENSP00000351209,9606.ENSP00000357448,9606.ENSP00000358866,9606.ENSP00000360293,9606.ENSP00000364585,9606.ENSP00000368314,9606.ENSP00000370588,9606.ENSP00000378401,9606.ENSP00000398632,9606.ENSP00000418754,9606.ENSP00000452786,9606.ENSP00000460236,9606.ENSP00000494175,9606.ENSP00000498662","NTN1,EPDR1,LGALS1,NID2,PXDN,ITGAV,LGALS3BP,CDH6,ALCAM,EPHA3,EPHA2,PBXIP1,FLNA,SORBS1,RCC2,NRCAM,CD99,SPOCK1,CD44,PTK7,ITGB3,SPON1,HBB,LRRC4B",5.05e-05,0.0152,"Cell adhesion"
"Process","GO:0048667",15,438,9606,"9606.ENSP00000173229,9606.ENSP00000290341,9606.ENSP00000291700,9606.ENSP00000300231,9606.ENSP00000305988,9606.ENSP00000309096,9606.ENSP00000337451,9606.ENSP00000351209,9606.ENSP00000352882,9606.ENSP00000362409,9606.ENSP00000368314,9606.ENSP00000377047,9606.ENSP00000409007,9606.ENSP00000418754,9606.ENSP00000490614","NTN1,IGF2BP1,S100B,MAP1A,ALCAM,B4GAT1,EPHA3,EPHA2,PLXNA4,NIBAN2,NRCAM,PTPRZ1,GDNF,PTK7,DCX",5.09e-05,0.0152,"Cell morphogenesis involved in neuron differentiation"
"Process","GO:1902975",3,5,9606,"9606.ENSP00000262105,9606.ENSP00000265056,9606.ENSP00000480987","MCM4,MCM2,MCM3",5.24e-05,0.0152,"Mitotic DNA replication initiation"
"Process","GO:0006259",21,785,9606,"9606.ENSP00000216122,9606.ENSP00000233146,9606.ENSP00000234420,9606.ENSP00000255120,9606.ENSP00000262105,9606.ENSP00000264156,9606.ENSP00000265056,9606.ENSP00000271715,9606.ENSP00000305480,9606.ENSP00000307288,9606.ENSP00000315644,9606.ENSP00000328547,9606.ENSP00000346120,9606.ENSP00000353793,9606.ENSP00000355759,9606.ENSP00000358262,9606.ENSP00000359300,9606.ENSP00000371419,9606.ENSP00000446880,9606.ENSP00000472445,9606.ENSP00000480987","MCM5,MSH2,MSH6,NASP,MCM4,MCM6,MCM2,POGZ,FEN1,MCM7,TYMS,DNMT3B,DDX21,WDHD1,PARP1,CHD1L,CETN2,PARP4,BAZ2A,POLD1,MCM3",5.66e-05,0.0156,"DNA metabolic process"
"Process","GO:0006281",16,497,9606,"9606.ENSP00000216122,9606.ENSP00000233146,9606.ENSP00000234420,9606.ENSP00000262105,9606.ENSP00000264156,9606.ENSP00000265056,9606.ENSP00000271715,9606.ENSP00000305480,9606.ENSP00000307288,9606.ENSP00000353793,9606.ENSP00000355759,9606.ENSP00000358262,9606.ENSP00000359300,9606.ENSP00000371419,9606.ENSP00000472445,9606.ENSP00000480987","MCM5,MSH2,MSH6,MCM4,MCM6,MCM2,POGZ,FEN1,MCM7,WDHD1,PARP1,CHD1L,CETN2,PARP4,POLD1,MCM3",5.81e-05,0.0157,"DNA repair"
"Process","GO:0000904",17,554,9606,"9606.ENSP00000173229,9606.ENSP00000261023,9606.ENSP00000290341,9606.ENSP00000291700,9606.ENSP00000300231,9606.ENSP00000305988,9606.ENSP00000309096,9606.ENSP00000337451,9606.ENSP00000351209,9606.ENSP00000352882,9606.ENSP00000362409,9606.ENSP00000368314,9606.ENSP00000377047,9606.ENSP00000409007,9606.ENSP00000418754,9606.ENSP00000452786,9606.ENSP00000490614","NTN1,ITGAV,IGF2BP1,S100B,MAP1A,ALCAM,B4GAT1,EPHA3,EPHA2,PLXNA4,NIBAN2,NRCAM,PTPRZ1,GDNF,PTK7,ITGB3,DCX",6.04e-05,0.0159,"Cell morphogenesis involved in differentiation"
"Process","GO:0060560",8,131,9606,"9606.ENSP00000220772,9606.ENSP00000268182,9606.ENSP00000274063,9606.ENSP00000284202,9606.ENSP00000305988,9606.ENSP00000356233,9606.ENSP00000418754,9606.ENSP00000490614","SFRP1,IQGAP1,SFRP2,IMPACT,ALCAM,KDM5B,PTK7,DCX",7.73e-05,0.0197,"Developmental growth involved in morphogenesis"
"Process","GO:0065007",150,12385,9606,"9606.ENSP00000173229,9606.ENSP00000215909,9606.ENSP00000216122,9606.ENSP00000216639,9606.ENSP00000220166,9606.ENSP00000220597,9606.ENSP00000220772,9606.ENSP00000222553,9606.ENSP00000233146,9606.ENSP00000234170,9606.ENSP00000234420,9606.ENSP00000236671,9606.ENSP00000248564,9606.ENSP00000252699,9606.ENSP00000252804,9606.ENSP00000254480,9606.ENSP00000258729,9606.ENSP00000259365,9606.ENSP00000261023,9606.ENSP00000261416,9606.ENSP00000262105,9606.ENSP00000262207,9606.ENSP00000262776,9606.ENSP00000262932,9606.ENSP00000262995,9606.ENSP00000263314,9606.ENSP00000264071,9606.ENSP00000264156,9606.ENSP00000265056,9606.ENSP00000265071,9606.ENSP00000265107,9606.ENSP00000268182,9606.ENSP00000271452,9606.ENSP00000271715,9606.ENSP00000274063,9606.ENSP00000274353,9606.ENSP00000276914,9606.ENSP00000282486,9606.ENSP00000284202,9606.ENSP00000285379,9606.ENSP00000290341,9606.ENSP00000291700,9606.ENSP00000292377,9606.ENSP00000297785,9606.ENSP00000299529,9606.ENSP00000300231,9606.ENSP00000301149,9606.ENSP00000305480,9606.ENSP00000305988,9606.ENSP00000306625,9606.ENSP00000307288,9606.ENSP00000308024,9606.ENSP00000308208,9606.ENSP00000311344,9606.ENSP00000313601,9606.ENSP00000315644,9606.ENSP00000319814,9606.ENSP00000321703,9606.ENSP00000322273,9606.ENSP00000323889,9606.ENSP00000325017,9606.ENSP00000328547,9606.ENSP00000332449,9606.ENSP00000334153,9606.ENSP00000337354,9606.ENSP00000337451,9606.ENSP00000339917,9606.ENSP00000340292,9606.ENSP00000340507,9606.ENSP00000340896,9606.ENSP00000343158,9606.ENSP00000344504,9606.ENSP00000345344,9606.ENSP00000346120,9606.ENSP00000348381,9606.ENSP00000349259,9606.ENSP00000351209,9606.ENSP00000351807,9606.ENSP00000352584,9606.ENSP00000352882,9606.ENSP00000354040,9606.ENSP00000355541,9606.ENSP00000355759,9606.ENSP00000356233,9606.ENSP00000357113,9606.ENSP00000357448,9606.ENSP00000357980,9606.ENSP00000358081,9606.ENSP00000358866,9606.ENSP00000359300,9606.ENSP00000360293,9606.ENSP00000361298,9606.ENSP00000361562,9606.ENSP00000362409,9606.ENSP00000363314,9606.ENSP00000364585,9606.ENSP00000366243,9606.ENSP00000367197,9606.ENSP00000367309,9606.ENSP00000368314,9606.ENSP00000368959,9606.ENSP00000369014,9606.ENSP00000369786,9606.ENSP00000370074,9606.ENSP00000370588,9606.ENSP00000370968,9606.ENSP00000371419,9606.ENSP00000373272,9606.ENSP00000377047,9606.ENSP00000377789,9606.ENSP00000378401,9606.ENSP00000378760,9606.ENSP00000381601,9606.ENSP00000381984,9606.ENSP00000392028,9606.ENSP00000395772,9606.ENSP00000398632,9606.ENSP00000399485,9606.ENSP00000409007,9606.ENSP00000413445,9606.ENSP00000414019,9606.ENSP00000416293,9606.ENSP00000418754,9606.ENSP00000418944,9606.ENSP00000423067,9606.ENSP00000428489,9606.ENSP00000435412,9606.ENSP00000436455,9606.ENSP00000438875,9606.ENSP00000439800,9606.ENSP00000446880,9606.ENSP00000451712,9606.ENSP00000452786,9606.ENSP00000460236,9606.ENSP00000463154,9606.ENSP00000467123,9606.ENSP00000468348,9606.ENSP00000472445,9606.ENSP00000478104,9606.ENSP00000479745,9606.ENSP00000480987,9606.ENSP00000482841,9606.ENSP00000483562,9606.ENSP00000484343,9606.ENSP00000490614,9606.ENSP00000494175,9606.ENSP00000497910,9606.ENSP00000498132,9606.ENSP00000498662,9606.ENSP00000499092","NTN1,LGALS1,MCM5,VRK1,CTSH,PAG1,SFRP1,NAMPT,MSH2,CEBPZ,MSH6,CTSD,GNG11,ACTN4,PXDN,SMARCC1,IGF2BP3,TMOD1,ITGAV,HEXB,MCM4,CRISPLD1,LGALS3BP,CNPY4,GAB1,P2RX3,TUBB4A,MCM6,MCM2,CDH6,WDR70,IQGAP1,NUF2,POGZ,SFRP2,BHMT,PLIN2,MBNL1,IMPACT,CA2,IGF2BP1,S100B,GPC2,ALDH1A1,CRABP1,MAP1A,GPD1,FEN1,ALCAM,ASPSCR1,MCM7,PCSK1,MMP14,PPP2R1B,CC2D1A,TYMS,PCK1,TACC1,OLFML3,TRIM25,NCAPD2,DNMT3B,CRIP1,RFTN1,LIPA,EPHA3,TAF9B,DLK1,TRIM24,ASH2L,EPB41L3,H1-0,CTSL,DDX21,ADD3,SPTBN1,EPHA2,ELN,AKR1B10,PLXNA4,GTPBP4,HEATR1,PARP1,KDM5B,IFI16,PBXIP1,HTRA1,BAG3,FLNA,CETN2,SORBS1,KIF2C,CTSA,NIBAN2,LIN28A,RCC2,CEMIP2,SCGN,MAOB,NRCAM,REEP5,NDNF,PIR,SERPINB9,CD99,MYBBP1A,PARP4,TRIM71,PTPRZ1,SYNPO,SPOCK1,MVP,MX1,RPRD1A,CHD7,GNL3,CD44,LY6H,GDNF,KIAA1324L,GDPD2,SLC2A1,PTK7,PEG10,WDR36,PBK,RPS6KA1,NUCB2,NOVA1,ZMYND8,BAZ2A,NDRG2,ITGB3,SPON1,ANP32E,NLRP7,MAP2K6,POLD1,VPS13D,PRSS56,MCM3,CRABP2,SALL2,SERPINB6,DCX,HBB,B2M,CAPN5,LRRC4B,GPRC5C",8.2e-05,0.0204,"Biological regulation"
"Process","GO:0048518",88,6207,9606,"9606.ENSP00000173229,9606.ENSP00000215909,9606.ENSP00000216639,9606.ENSP00000220166,9606.ENSP00000220772,9606.ENSP00000222553,9606.ENSP00000233146,9606.ENSP00000234170,9606.ENSP00000236671,9606.ENSP00000252699,9606.ENSP00000254480,9606.ENSP00000258729,9606.ENSP00000261023,9606.ENSP00000261416,9606.ENSP00000262932,9606.ENSP00000262995,9606.ENSP00000263314,9606.ENSP00000268182,9606.ENSP00000271715,9606.ENSP00000274063,9606.ENSP00000276914,9606.ENSP00000284202,9606.ENSP00000285379,9606.ENSP00000290341,9606.ENSP00000291700,9606.ENSP00000292377,9606.ENSP00000300231,9606.ENSP00000301149,9606.ENSP00000305480,9606.ENSP00000306625,9606.ENSP00000308024,9606.ENSP00000308208,9606.ENSP00000311344,9606.ENSP00000313601,9606.ENSP00000319814,9606.ENSP00000321703,9606.ENSP00000323889,9606.ENSP00000325017,9606.ENSP00000328547,9606.ENSP00000334153,9606.ENSP00000337451,9606.ENSP00000339917,9606.ENSP00000340507,9606.ENSP00000340896,9606.ENSP00000346120,9606.ENSP00000349259,9606.ENSP00000351209,9606.ENSP00000352882,9606.ENSP00000355541,9606.ENSP00000355759,9606.ENSP00000356233,9606.ENSP00000357113,9606.ENSP00000357448,9606.ENSP00000357980,9606.ENSP00000358081,9606.ENSP00000358866,9606.ENSP00000360293,9606.ENSP00000362409,9606.ENSP00000363314,9606.ENSP00000364585,9606.ENSP00000367309,9606.ENSP00000368314,9606.ENSP00000369014,9606.ENSP00000370588,9606.ENSP00000370968,9606.ENSP00000373272,9606.ENSP00000377047,9606.ENSP00000377789,9606.ENSP00000392028,9606.ENSP00000395772,9606.ENSP00000398632,9606.ENSP00000409007,9606.ENSP00000413445,9606.ENSP00000414019,9606.ENSP00000418754,9606.ENSP00000428489,9606.ENSP00000435412,9606.ENSP00000452786,9606.ENSP00000460236,9606.ENSP00000468348,9606.ENSP00000478104,9606.ENSP00000479745,9606.ENSP00000482841,9606.ENSP00000483562,9606.ENSP00000494175,9606.ENSP00000497910,9606.ENSP00000498662,9606.ENSP00000499092","NTN1,LGALS1,VRK1,CTSH,SFRP1,NAMPT,MSH2,CEBPZ,CTSD,ACTN4,SMARCC1,IGF2BP3,ITGAV,HEXB,CNPY4,GAB1,P2RX3,IQGAP1,POGZ,SFRP2,PLIN2,IMPACT,CA2,IGF2BP1,S100B,GPC2,MAP1A,GPD1,FEN1,ASPSCR1,PCSK1,MMP14,PPP2R1B,CC2D1A,PCK1,TACC1,TRIM25,NCAPD2,DNMT3B,RFTN1,EPHA3,TAF9B,TRIM24,ASH2L,DDX21,SPTBN1,EPHA2,PLXNA4,HEATR1,PARP1,KDM5B,IFI16,PBXIP1,HTRA1,BAG3,FLNA,SORBS1,NIBAN2,LIN28A,RCC2,MAOB,NRCAM,NDNF,CD99,MYBBP1A,TRIM71,PTPRZ1,SYNPO,CHD7,GNL3,CD44,GDNF,KIAA1324L,GDPD2,PTK7,PBK,RPS6KA1,ITGB3,SPON1,MAP2K6,VPS13D,PRSS56,CRABP2,SALL2,HBB,B2M,LRRC4B,GPRC5C",9.94e-05,0.0244,"Positive regulation of biological process"
"Process","GO:0009725",20,762,9606,"9606.ENSP00000220166,9606.ENSP00000220772,9606.ENSP00000254480,9606.ENSP00000262995,9606.ENSP00000285379,9606.ENSP00000306920,9606.ENSP00000308024,9606.ENSP00000308208,9606.ENSP00000315644,9606.ENSP00000319814,9606.ENSP00000323889,9606.ENSP00000340507,9606.ENSP00000340896,9606.ENSP00000345344,9606.ENSP00000355759,9606.ENSP00000360293,9606.ENSP00000367309,9606.ENSP00000370074,9606.ENSP00000416293,9606.ENSP00000452786","CTSH,SFRP1,SMARCC1,GAB1,CA2,GLB1,PCSK1,MMP14,TYMS,PCK1,TRIM25,TRIM24,ASH2L,CTSL,PARP1,SORBS1,MAOB,SERPINB9,SLC2A1,ITGB3",0.00011,0.0266,"Response to hormone"
"Process","GO:0043627",6,71,9606,"9606.ENSP00000220772,9606.ENSP00000308208,9606.ENSP00000323889,9606.ENSP00000340507,9606.ENSP00000340896,9606.ENSP00000370074","SFRP1,MMP14,TRIM25,TRIM24,ASH2L,SERPINB9",0.00012,0.0282,"Response to estrogen"
"Process","GO:0006996",56,3470,9606,"9606.ENSP00000216122,9606.ENSP00000216639,9606.ENSP00000233146,9606.ENSP00000236671,9606.ENSP00000252699,9606.ENSP00000254480,9606.ENSP00000255120,9606.ENSP00000259365,9606.ENSP00000261416,9606.ENSP00000262105,9606.ENSP00000262995,9606.ENSP00000264071,9606.ENSP00000264156,9606.ENSP00000265056,9606.ENSP00000271452,9606.ENSP00000271715,9606.ENSP00000276914,9606.ENSP00000284767,9606.ENSP00000300231,9606.ENSP00000305480,9606.ENSP00000307288,9606.ENSP00000321703,9606.ENSP00000325017,9606.ENSP00000327145,9606.ENSP00000336775,9606.ENSP00000340896,9606.ENSP00000343158,9606.ENSP00000344504,9606.ENSP00000346120,9606.ENSP00000348381,9606.ENSP00000349259,9606.ENSP00000351807,9606.ENSP00000355759,9606.ENSP00000356233,9606.ENSP00000357113,9606.ENSP00000358081,9606.ENSP00000358262,9606.ENSP00000358866,9606.ENSP00000359300,9606.ENSP00000360293,9606.ENSP00000361298,9606.ENSP00000368959,9606.ENSP00000370968,9606.ENSP00000376132,9606.ENSP00000377789,9606.ENSP00000392028,9606.ENSP00000414019,9606.ENSP00000418648,9606.ENSP00000418754,9606.ENSP00000443475,9606.ENSP00000446880,9606.ENSP00000463154,9606.ENSP00000478104,9606.ENSP00000480987,9606.ENSP00000490614,9606.ENSP00000500094","MCM5,VRK1,MSH2,CTSD,ACTN4,SMARCC1,NASP,TMOD1,HEXB,MCM4,GAB1,TUBB4A,MCM6,MCM2,NUF2,POGZ,PLIN2,PDLIM3,MAP1A,FEN1,MCM7,TACC1,NCAPD2,FLNC,SYNM,ASH2L,EPB41L3,H1-0,DDX21,ADD3,SPTBN1,ELN,PARP1,KDM5B,IFI16,BAG3,CHD1L,FLNA,CETN2,SORBS1,KIF2C,REEP5,MYBBP1A,MYO1B,SYNPO,CHD7,GDPD2,UBN2,PTK7,TUBA1C,BAZ2A,ANP32E,VPS13D,MCM3,DCX,ATAD3B",0.00015,0.0362,"Organelle organization"
"Process","GO:0007411",10,232,9606,"9606.ENSP00000173229,9606.ENSP00000305988,9606.ENSP00000309096,9606.ENSP00000337451,9606.ENSP00000351209,9606.ENSP00000352882,9606.ENSP00000362409,9606.ENSP00000368314,9606.ENSP00000409007,9606.ENSP00000418754","NTN1,ALCAM,B4GAT1,EPHA3,EPHA2,PLXNA4,NIBAN2,NRCAM,GDNF,PTK7",0.00016,0.0368,"Axon guidance"
"Process","GO:0008152",106,7988,9606,"9606.ENSP00000216122,9606.ENSP00000216639,9606.ENSP00000220166,9606.ENSP00000222553,9606.ENSP00000233146,9606.ENSP00000234420,9606.ENSP00000236671,9606.ENSP00000252804,9606.ENSP00000255120,9606.ENSP00000258729,9606.ENSP00000261023,9606.ENSP00000261416,9606.ENSP00000262105,9606.ENSP00000264156,9606.ENSP00000265056,9606.ENSP00000271715,9606.ENSP00000274353,9606.ENSP00000282486,9606.ENSP00000285379,9606.ENSP00000297785,9606.ENSP00000299529,9606.ENSP00000301149,9606.ENSP00000305480,9606.ENSP00000306920,9606.ENSP00000307288,9606.ENSP00000308024,9606.ENSP00000308208,9606.ENSP00000309096,9606.ENSP00000311344,9606.ENSP00000315644,9606.ENSP00000317721,9606.ENSP00000319814,9606.ENSP00000323889,9606.ENSP00000324105,9606.ENSP00000328547,9606.ENSP00000337354,9606.ENSP00000337451,9606.ENSP00000339917,9606.ENSP00000340507,9606.ENSP00000340896,9606.ENSP00000345344,9606.ENSP00000346120,9606.ENSP00000349259,9606.ENSP00000351209,9606.ENSP00000352584,9606.ENSP00000353246,9606.ENSP00000353793,9606.ENSP00000354040,9606.ENSP00000354213,9606.ENSP00000355541,9606.ENSP00000355759,9606.ENSP00000356233,9606.ENSP00000357113,9606.ENSP00000357448,9606.ENSP00000357980,9606.ENSP00000358081,9606.ENSP00000358262,9606.ENSP00000358812,9606.ENSP00000358866,9606.ENSP00000359300,9606.ENSP00000361562,9606.ENSP00000363314,9606.ENSP00000363603,9606.ENSP00000363642,9606.ENSP00000363832,9606.ENSP00000364490,9606.ENSP00000366243,9606.ENSP00000366927,9606.ENSP00000367309,9606.ENSP00000369014,9606.ENSP00000369786,9606.ENSP00000370737,9606.ENSP00000370968,9606.ENSP00000371393,9606.ENSP00000371419,9606.ENSP00000373272,9606.ENSP00000377047,9606.ENSP00000377944,9606.ENSP00000381984,9606.ENSP00000392028,9606.ENSP00000395473,9606.ENSP00000398632,9606.ENSP00000414019,9606.ENSP00000416293,9606.ENSP00000418754,9606.ENSP00000423067,9606.ENSP00000427463,9606.ENSP00000428489,9606.ENSP00000429707,9606.ENSP00000435412,9606.ENSP00000438875,9606.ENSP00000445175,9606.ENSP00000446880,9606.ENSP00000456019,9606.ENSP00000460236,9606.ENSP00000466818,9606.ENSP00000468348,9606.ENSP00000472445,9606.ENSP00000479745,9606.ENSP00000480004,9606.ENSP00000480987,9606.ENSP00000482841,9606.ENSP00000488838,9606.ENSP00000494175,9606.ENSP00000497910,9606.ENSP00000498132","MCM5,VRK1,CTSH,NAMPT,MSH2,MSH6,CTSD,PXDN,NASP,IGF2BP3,ITGAV,HEXB,MCM4,MCM6,MCM2,POGZ,BHMT,MBNL1,CA2,ALDH1A1,CRABP1,GPD1,FEN1,GLB1,MCM7,PCSK1,MMP14,B4GAT1,PPP2R1B,TYMS,PIPOX,PCK1,TRIM25,ENO3,DNMT3B,LIPA,EPHA3,TAF9B,TRIM24,ASH2L,CTSL,DDX21,SPTBN1,EPHA2,AKR1B10,MAK16,WDHD1,GTPBP4,HS3ST3B1,HEATR1,PARP1,KDM5B,IFI16,PBXIP1,HTRA1,BAG3,CHD1L,PDCD11,FLNA,CETN2,CTSA,LIN28A,FUCA1,BMS1,AOX1,ALDH4A1,CEMIP2,ALDH1B1,MAOB,NDNF,PIR,GLDC,MYBBP1A,PGM2,PARP4,TRIM71,PTPRZ1,UTP14A,RPRD1A,CHD7,MAN2B1,CD44,GDPD2,SLC2A1,PTK7,WDR36,SPCS3,PBK,COX6C,RPS6KA1,NOVA1,LDHA,BAZ2A,SQOR,SPON1,COX6B1,MAP2K6,POLD1,PRSS56,EPHX1,MCM3,CRABP2,PON2,HBB,B2M,CAPN5",0.00016,0.0368,"Metabolic process"
"Process","GO:0021762",5,47,9606,"9606.ENSP00000324105,9606.ENSP00000367309,9606.ENSP00000445175,9606.ENSP00000451712,9606.ENSP00000466818","ENO3,MAOB,LDHA,NDRG2,COX6B1",0.00016,0.0368,"Substantia nigra development"
"Process","GO:0030155",20,784,9606,"9606.ENSP00000215909,9606.ENSP00000220597,9606.ENSP00000220772,9606.ENSP00000252699,9606.ENSP00000254480,9606.ENSP00000261023,9606.ENSP00000274063,9606.ENSP00000308208,9606.ENSP00000319814,9606.ENSP00000337451,9606.ENSP00000351209,9606.ENSP00000352882,9606.ENSP00000354040,9606.ENSP00000358866,9606.ENSP00000364585,9606.ENSP00000369014,9606.ENSP00000378401,9606.ENSP00000398632,9606.ENSP00000452786,9606.ENSP00000497910","LGALS1,PAG1,SFRP1,ACTN4,SMARCC1,ITGAV,SFRP2,MMP14,PCK1,EPHA3,EPHA2,PLXNA4,GTPBP4,FLNA,RCC2,NDNF,SPOCK1,CD44,ITGB3,B2M",0.00016,0.0368,"Regulation of cell adhesion"
"Process","GO:0006310",10,235,9606,"9606.ENSP00000216122,9606.ENSP00000233146,9606.ENSP00000234420,9606.ENSP00000262105,9606.ENSP00000264156,9606.ENSP00000265056,9606.ENSP00000271715,9606.ENSP00000305480,9606.ENSP00000307288,9606.ENSP00000480987","MCM5,MSH2,MSH6,MCM4,MCM6,MCM2,POGZ,FEN1,MCM7,MCM3",0.00018,0.0385,"DNA recombination"
"Process","GO:0008219",25,1118,9606,"9606.ENSP00000173229,9606.ENSP00000215909,9606.ENSP00000220166,9606.ENSP00000220772,9606.ENSP00000233146,9606.ENSP00000234420,9606.ENSP00000261023,9606.ENSP00000265056,9606.ENSP00000274063,9606.ENSP00000311344,9606.ENSP00000332449,9606.ENSP00000343158,9606.ENSP00000345344,9606.ENSP00000351209,9606.ENSP00000355759,9606.ENSP00000357113,9606.ENSP00000357980,9606.ENSP00000358081,9606.ENSP00000370074,9606.ENSP00000370968,9606.ENSP00000371419,9606.ENSP00000381601,9606.ENSP00000418944,9606.ENSP00000435412,9606.ENSP00000468348","NTN1,LGALS1,CTSH,SFRP1,MSH2,MSH6,ITGAV,MCM2,SFRP2,PPP2R1B,CRIP1,EPB41L3,CTSL,EPHA2,PARP1,IFI16,HTRA1,BAG3,SERPINB9,MYBBP1A,PARP4,MX1,PEG10,RPS6KA1,MAP2K6",0.00018,0.0385,"Cell death"
"Process","GO:0009411",8,150,9606,"9606.ENSP00000233146,9606.ENSP00000234420,9606.ENSP00000284202,9606.ENSP00000305480,9606.ENSP00000332449,9606.ENSP00000355759,9606.ENSP00000428489,9606.ENSP00000472445","MSH2,MSH6,IMPACT,FEN1,CRIP1,PARP1,PBK,POLD1",0.00019,0.0393,"Response to UV"
"Process","GO:1901700",31,1547,9606,"9606.ENSP00000220166,9606.ENSP00000220772,9606.ENSP00000254480,9606.ENSP00000255120,9606.ENSP00000262995,9606.ENSP00000263314,9606.ENSP00000284202,9606.ENSP00000285379,9606.ENSP00000297785,9606.ENSP00000301149,9606.ENSP00000306920,9606.ENSP00000308024,9606.ENSP00000315644,9606.ENSP00000319814,9606.ENSP00000323889,9606.ENSP00000337451,9606.ENSP00000352584,9606.ENSP00000355759,9606.ENSP00000358866,9606.ENSP00000360293,9606.ENSP00000363314,9606.ENSP00000367309,9606.ENSP00000370737,9606.ENSP00000399485,9606.ENSP00000416293,9606.ENSP00000418754,9606.ENSP00000452786,9606.ENSP00000467123,9606.ENSP00000468348,9606.ENSP00000494175,9606.ENSP00000497910","CTSH,SFRP1,SMARCC1,NASP,GAB1,P2RX3,IMPACT,CA2,ALDH1A1,GPD1,GLB1,PCSK1,TYMS,PCK1,TRIM25,EPHA3,AKR1B10,PARP1,FLNA,SORBS1,LIN28A,MAOB,GLDC,LY6H,SLC2A1,PTK7,ITGB3,NLRP7,MAP2K6,HBB,B2M",2e-04,0.0413,"Response to oxygen-containing compound"
"Process","GO:0000724",7,114,9606,"9606.ENSP00000216122,9606.ENSP00000262105,9606.ENSP00000264156,9606.ENSP00000265056,9606.ENSP00000305480,9606.ENSP00000307288,9606.ENSP00000480987","MCM5,MCM4,MCM6,MCM2,FEN1,MCM7,MCM3",0.00021,0.0424,"Double-strand break repair via homologous recombination"
"Process","GO:0006027",4,26,9606,"9606.ENSP00000306920,9606.ENSP00000363603,9606.ENSP00000366243,9606.ENSP00000398632","GLB1,FUCA1,CEMIP2,CD44",0.00021,0.0424,"Glycosaminoglycan catabolic process"
"Process","GO:0048729",16,565,9606,"9606.ENSP00000173229,9606.ENSP00000220166,9606.ENSP00000220772,9606.ENSP00000274063,9606.ENSP00000285379,9606.ENSP00000308208,9606.ENSP00000351209,9606.ENSP00000354213,9606.ENSP00000356233,9606.ENSP00000358866,9606.ENSP00000373272,9606.ENSP00000392028,9606.ENSP00000398632,9606.ENSP00000409007,9606.ENSP00000418754,9606.ENSP00000452786","NTN1,CTSH,SFRP1,SFRP2,CA2,MMP14,EPHA2,HS3ST3B1,KDM5B,FLNA,TRIM71,CHD7,CD44,GDNF,PTK7,ITGB3",0.00024,0.0475,"Tissue morphogenesis"
"Process","GO:0090179",3,10,9606,"9606.ENSP00000220772,9606.ENSP00000274063,9606.ENSP00000418754","SFRP1,SFRP2,PTK7",0.00026,0.0499,"Planar cell polarity pathway involved in neural tube closure"
